-- phpMyAdmin SQL Dump
-- version 4.0.9
-- http://www.phpmyadmin.net
--
-- Host: 127.0.0.1
-- Generation Time: Nov 28, 2014 at 04:51 AM
-- Server version: 5.6.14
-- PHP Version: 5.5.6

SET SQL_MODE = "NO_AUTO_VALUE_ON_ZERO";
SET time_zone = "+00:00";


/*!40101 SET @OLD_CHARACTER_SET_CLIENT=@@CHARACTER_SET_CLIENT */;
/*!40101 SET @OLD_CHARACTER_SET_RESULTS=@@CHARACTER_SET_RESULTS */;
/*!40101 SET @OLD_COLLATION_CONNECTION=@@COLLATION_CONNECTION */;
/*!40101 SET NAMES utf8 */;

--
-- Database: `mopccss`
--

-- --------------------------------------------------------

--
-- Table structure for table `baptismal`
--

CREATE TABLE IF NOT EXISTS `baptismal` (
  `id` int(11) NOT NULL AUTO_INCREMENT,
  `bap_bapDate` date NOT NULL,
  `bap_priest` varchar(45) DEFAULT NULL,
  `bap_church` varchar(45) DEFAULT NULL,
  `bap_churchAdd` varchar(100) DEFAULT NULL,
  `Employee_id` int(11) NOT NULL,
  `person_id` int(11) NOT NULL,
  PRIMARY KEY (`id`),
  KEY `fk_baptismal_Employee1_idx` (`Employee_id`),
  KEY `fk_baptismal_client1_idx` (`person_id`)
) ENGINE=InnoDB  DEFAULT CHARSET=latin1 AUTO_INCREMENT=10 ;

--
-- Dumping data for table `baptismal`
--

INSERT INTO `baptismal` (`id`, `bap_bapDate`, `bap_priest`, `bap_church`, `bap_churchAdd`, `Employee_id`, `person_id`) VALUES
(1, '2014-11-14', 'Fr. Harley Flores', 'Saint Ignatious Cathedral', 'Camp Aguinaldo, Quezon City', 3, 5),
(2, '2014-11-14', 'Fr. Harley Flores', 'Saint Ignatious Cathedral', 'Camp Aguinaldo, Quezon City', 1, 2),
(3, '2014-11-29', 'Fr. Harley Flores', 'Saint Ignatious Cathedral', 'Camp Aguinaldo, Quezon City', 1, 4),
(4, '2014-11-19', 'Fr. Harley Flores', 'Shrine of Saint Therese of the Child Jesus', 'Camp Aguinaldo, Quezon City', 1, 1),
(5, '2014-11-22', 'Fr. Harley Flores', 'Shrine of Saint Therese of the Child Jesus', 'Camp Aguinaldo, Quezon City', 3, 3),
(6, '1999-11-02', 'Fr. Harley Flores', 'Shrine of Saint Therese of the Child Jesus', 'Pasay city', 1, 9),
(7, '2000-12-01', 'Fr. Harley Flores', 'Shrine of Saint Therese of the Child Jesus', 'Pasay city', 1, 11),
(8, '1997-08-21', 'Fr. Harley Flores', 'Saint Ignatious Cathedral', 'Camp Aguinaldo, Quezon City', 1, 12),
(9, '2014-11-07', 'Fr. Harley Flores', 'Shrine of Saint Therese of the Child Jesus', 'Pasay city', 1, 18);

-- --------------------------------------------------------

--
-- Table structure for table `bap_godparent`
--

CREATE TABLE IF NOT EXISTS `bap_godparent` (
  `id` int(11) NOT NULL AUTO_INCREMENT,
  `baptismal_id` int(11) NOT NULL,
  `person_id` int(11) NOT NULL,
  PRIMARY KEY (`id`),
  KEY `fk_bapGodParent_baptismal1_idx` (`baptismal_id`),
  KEY `fk_bapGodParent_person1_idx` (`person_id`)
) ENGINE=InnoDB  DEFAULT CHARSET=latin1 AUTO_INCREMENT=11 ;

--
-- Dumping data for table `bap_godparent`
--

INSERT INTO `bap_godparent` (`id`, `baptismal_id`, `person_id`) VALUES
(1, 1, 3),
(2, 2, 5),
(3, 3, 5),
(4, 4, 4),
(5, 5, 5),
(6, 5, 2),
(7, 6, 5),
(8, 7, 2),
(9, 8, 3),
(10, 9, 12);

-- --------------------------------------------------------

--
-- Table structure for table `church`
--

CREATE TABLE IF NOT EXISTS `church` (
  `id` int(11) NOT NULL AUTO_INCREMENT,
  `ch_name` varchar(45) DEFAULT NULL,
  `ch_address` varchar(100) DEFAULT NULL,
  `ch_pic` longblob NOT NULL,
  `fileType` varchar(45) NOT NULL,
  PRIMARY KEY (`id`)
) ENGINE=InnoDB  DEFAULT CHARSET=latin1 AUTO_INCREMENT=4 ;

--
-- Dumping data for table `church`
--

INSERT INTO `church` (`id`, `ch_name`, `ch_address`, `ch_pic`, `fileType`) VALUES
(1, 'Saint Ignatious Cathedral', 'Camp Aguinaldo, Quezon City', 0x89504e470d0a1a0a0000000d4948445200000226000003520802000000de6892720000001974455874536f6674776172650041646f626520496d616765526561647971c9653c0000032269545874584d4c3a636f6d2e61646f62652e786d7000000000003c3f787061636b657420626567696e3d22efbbbf222069643d2257354d304d7043656869487a7265537a4e54637a6b633964223f3e203c783a786d706d65746120786d6c6e733a783d2261646f62653a6e733a6d6574612f2220783a786d70746b3d2241646f626520584d5020436f726520352e332d633031312036362e3134353636312c20323031322f30322f30362d31343a35363a32372020202020202020223e203c7264663a52444620786d6c6e733a7264663d22687474703a2f2f7777772e77332e6f72672f313939392f30322f32322d7264662d73796e7461782d6e7323223e203c7264663a4465736372697074696f6e207264663a61626f75743d222220786d6c6e733a786d703d22687474703a2f2f6e732e61646f62652e636f6d2f7861702f312e302f2220786d6c6e733a786d704d4d3d22687474703a2f2f6e732e61646f62652e636f6d2f7861702f312e302f6d6d2f2220786d6c6e733a73745265663d22687474703a2f2f6e732e61646f62652e636f6d2f7861702f312e302f73547970652f5265736f75726365526566232220786d703a43726561746f72546f6f6c3d2241646f62652050686f746f73686f7020435336202857696e646f7773292220786d704d4d3a496e7374616e636549443d22786d702e6969643a42333941364433353732323531314534424534313832383530354133323331452220786d704d4d3a446f63756d656e7449443d22786d702e6469643a4233394136443336373232353131453442453431383238353035413332333145223e203c786d704d4d3a4465726976656446726f6d2073745265663a696e7374616e636549443d22786d702e6969643a4233394136443333373232353131453442453431383238353035413332333145222073745265663a646f63756d656e7449443d22786d702e6469643a4233394136443334373232353131453442453431383238353035413332333145222f3e203c2f7264663a4465736372697074696f6e3e203c2f7264663a5244463e203c2f783a786d706d6574613e203c3f787061636b657420656e643d2272223f3e5f6534c500012fc84944415478daecbd7990a5c9711f5659f5bdee9e737776b1582c0ee22241028409de741894683b683168cb0e9356f80f3928866cc90e85c396c3326d53b214615a11b21ce6e11065c8b64806234886649a076048824880060990204810000f0004b00b60b10b2cf698d9b9bafbbdf75565ba32b3ea3bded1d3dd33d3dbf3267f68ccf6f98eefabaabc7ef9cb2612b9a381c021f0bf4378f946fd9e3ea47c951f1e1dff41fe327f3b39d73a37239a39ca4f1dc9f107f007ea2f80fc3eff3a34048d035f1f6f030072051008e53de955f1f2b9d70b46c49f9083858b2e1fe83cf10f3dca1593efc8033a37974f66cec57c619152c498ffc4836bbcdb300c971ec8177a51f80734be66fde7f912e5cb04e54f01f9e278fea3fa60287f006535f3e7d79c7bc1b9bdeed62cad43befee3ed43f2a5f71b77cd8f05c4448401f2f508ba50e7b244f71dcd09f904e0fd0ed141e2853d5af3beec8ef2e149b7cfc2fd2d372ddf7f84b061570fe42274ab8a3f00ea39503ea85ed57ca8e68334a11ca7f2a3e1494dabb60e2d3dddc9e0680712507729687c04d42da9e7a02f9786d4d8f039e8d8c0f0228369fe3ce52331b57c10e4b5e213d46316ba4b49627ef27ff954a04d3a30eb4777d7512f687993d06d33bdd6e5973d5ff6246765ac96a6d50fc239512b4b8db7b83e52f07981226cd4a55bb92061b06386ef1686bb282fb0fc918d12f2ff1221af31cc6b0ba0fe96ee5ed4edcd5b976e80bbeafd3ef49b9f0637a53c278cb72a80db200fe97697ba1875aad7565ca26c6cd8e4b4fc01adb850baa4696cd77b9343bdc9199e8b07f8179b6472402dad38ee89e42a41f132935cb7bcf15ba239ba39660f1e91977a5eb2a01ebcfe21d510810e7cba133239473e93a8be83a14f58de0f70bc522f47522f46ed703e1631b688048174f387ecf8b06f5a0d2fc985e5afc5f3d4ad9cbfb9698766bf7f569d8d6a81004a1034706a78eba5b2ce48ec0d87896c6c724c4328975d9c7700f07cd97cd993b06907d96045d0f8601aafd3058f2eaf2e42cffb165da06adc71e03326b1d92da69430269a061f270db03fb4fa742b8fbae21e83bbbf01c5d12e2b563c71363333e20bcb8b16c431f565a707bd05542e5e396df516526fe387f794ca977a266ff405a77e5951cd6a742b964d0be565cc8e147b9c6271bae0e60063f3525db2e6386f9f37afdce6ea90a34427ad9a5c899ae5dfec7ae7b54549cc32fbddbe118b9dd4b529272a9f91392a56eb2ccb8bca5348f663d3cecc6e2f41971a8091d7aedfc141e240afedbcd815766a92c36c6fb201cfbb9443991008fa938eff4ad61f38ef37fdf853abbc7299d020dfa5914dbe1e9cac1dfc82068b73b9aa11516c0db23b197ccb4efadaab47eb33d2f7bbc1a9d06b1b359fc69737c9bf2e7917417c4dcd8af1a584ce3d520be4963c095abd997acf63e3ad388cfd53ea826f8ee13d3b9a49f24cd007050bb1e06940337a45437b08bd81812e8d4af21e025b1c008df5c4ae4476bde712d6cc1d4aa5211f8b90ad49cc219e6707bc4f7c80afcba933de2069718d7af4b24267cc362fca09d90e645f1db15c50af595ad03c649785d0c0597392334a736443eeb89093ffda17ff0546093aeafd6cbfc1de1f1d10240ed3bd7dbe97bd1a71bdc10d9cc4589293382337cd9717c52c05ef2679073774e0d583fb329481716ab1d8dee1a520ea7ead05d8e3ca8d9b2737cbb138b27be4f3e50d2168328d5d0149768adf991f6622a960dd0c702b3f230dc2dcb0990bbd0fe9bb6085fa34d2c229910fdeecdf7bf2bd177b0a0fcfa69894fa7e70b1d80075eb920636c52be4b50291d3882ea178dcfcb7921cf79dc7eda9f8eb5afc817507c530238f3032e39b97a2e56a01964bae1b8d6344001c2f20f607896a61909838e0c5d848016ca1900ac36b4aa304cf865d405a5c15f52b50cac982c9515fa9f83754133eb1e3b020ce3066931339526c286cc94196bd2552e7ca3bef4febd63d794ba3f645dd501c2e3c31397e608a83ace4a973d7c5e4f035e7a350221b3fb87392d710ffbc24d3b4a829649035dba7babf258d3cf0fdc3a6dca641350b6070b1a9661da10b228923c839495d9c8f11f547e1904fb36abfdc7d93a385fa2eb0ed32395243e5e253941c0eb14f9ee390ec6ec31ef91bf90f65a5e480ceb1cbd2393e52f1d7cc1b902c883071a59075986b0d0bb9f2cd735cc42c7030e7d9de50ddc979d14c299f83cc0588a819098ad9ccf880c10f8e5aa0f1c5e9ca8c449ab5eb170f6e5c96072ab5a4b327072e27cd2b7071508fb0986d4c3e0a09a7985a42ce0373bcc81799ddc36a8d925cb5c6c19665c7d6587d75683a6b517d47d2a302650dcf82df853053bb2dc7018dbdf585e55973a4a4790fa0d1cf8bf7bae47cd0a68638a5ee9b2f27db1c0ac5191fe690b3bb3fcf1f94f25981f91c0e850e739a4fce46dd166637c92dd658b5adf4926c6f5a8a2d571192241df27742ebf3072f095f7c488005db093ded8a068cbdd31fc6aef1eed6b23d687ce82f1e78d4bb24be5ea6166006a12d7e0a716207a58a40ca1995f3ce430258a09d77cfefdda2475f5e49dd93a342d14b93eeba9b61a25cb7eecb30f00787c9eefaf679a12ab167ca9b33fb4c7961b3b1616e0fd7c0247c2ca48c8ebc2e41ba23dc38ef87a301aabcba52852d6f93c64bba5b485a7dec58cc5cea977c8fc6da5aa9eece8db924d8d1c539d09e9bcc21a4ea1a2cd4b187fe25d5001d3baeda5252986ace79d9620df36c1b13e5f09d0249b9e7252a914eaa6769ac05c83940f6995a25fa02f82316b55e12ca5f23cc317903bc21856eeb406bfead76c94093209f864d145f25384e9cede0ad6de94bc5fb3e6ede80168ca2944dfaddb132b94cb5a5c697a69ae2fdf53c5aea7745102374d3bb17c0ddd4a744a1f47038194ae65272613e940394c95592cc587c6d87608842ed5ab9ebd996fe4a9cc46e6446448e4bd43608f94caf3f1f8e6a7ca81ca2ca6799430e6bdc3ee23edbfb1c32bae4435a60e5ca834de48e77de03f6d9a2cd39c81a725b89a412c8ab287a9afb526d4ee3a39c59a5c406a641be2c0d72955afc4cb93892a3cce7c33cb81cc7b44255dd05c861cdae8716494b3c0de0a4e43b6e71b42d873bb474c680f29d68f971000836ed4e39a70b12b116d5893bedb06e7f255f1167d488934d250b47c3adb8c0f75d607bba8e779cef55829339a49be753927e0ef6f298b4e38416a5b9d9d2d8016269ba50861a079b17c9e2f87283ebb90c25b6a0d1fd2b4964c98c25ea4f2ea5d8e18049ceee096a5e92cb3337c8ede53d290f2c6c690a5ae0f695eea987660dbbb8d9503b48d6a768e19076e1501e028c622a38bc5371128b02facc9a246ab077c6d5ece7ef947e057439a0d9432e5ccf1da4e041323c087d6759e7cb7b28b7989993d49b1c21049e7687e948675918d751b9e15abc69acb590aee8952f67fe7ee87601d54de29d124c39d3e5f9d29150a5b4330c25426c981ad8152847be371c7a211ec1e139a8fa73afc2571f36f0190ccc39e23ca61e1d1aea27400a929faab4df86faced1e5abd45ba38ea9549e4b1efb844cce33ac00e0ca76844095a73848dd90fa364d398db8f966be716c9d2e01d8e7136a010096536754740492d6ad1a37ac4e63d7a4c9671f7275da63f2290a3d3cba907c33a8be02acda71549def9abf253ad6aa852307d6384ee32d14d770d583403dca4e4229428bcceca7e7232f488151c271a55de400bd10f4bd14c690bb8f637616b53776e99dc84b475f939f218ca29c34f8b5cd58e45e88f3de9528074bc976999751ebf96294d88e84be810e6a0ab7153581bdfc013473398e4c73a6aae6a768829f4059c6a302c3baf21bdd663a64f3f883723ff22d08923b46ee9c95641a5f70c85ed4149a18c4dfd5f246bdce435bb274b8ac0e37b1ab769e80c9816602836c6aa764e3bb574be007350994d7160b3560c3eeef38ca191fd942042989b32ed1cc9b96bac6b75e146026196de9b54e2da4d485b112358671a61a963e19b670c26d6c297f80d748ab4c0e68537eaae1c338e21955eedd380fdf1553e828a74457075cfc2ba4757fa289837c379ac09b313b407ca973803e75694669aa369e93c32c2c941a403552d26a3cbcee9a91ab54fc6acc062d5300fd02800d5ae7beba95ea398581e7bb1452d67e62ae25e4a8a5e10fa73c0b2e7ded736d0c99c1ef50aa8fe4a934c8733c09d935dd979be9072f00179e8d16d3b2d6d754961f775240496fa4be6d99fd25f11598155d0d8c34d817ad07a24305903476a14fe8b237d79e7eba3b29c6f950e8a52668504ea4bc5751db79f06e67518e15711fcb018222020785bc47aa68a6c43b398e92a63cc54bd4da69760d12a7c89859d146de7891b0c5947758f439e80514ce00d473b53439c9b917d6f877cb07301ce2fdaf7b8340fea054e228ae2bf5605136a86686964c0ee0fac424ada235dc2ac85af3eb610d934332963e478a98ef027951b8604b2374678c7cf6e5d3ce272694b3521276bc5ebee6010af5b9e46260700816d61f0c6db1263b37ea202bdb16fa185a6df272485b7fc1cbaff0c5cac1a2f37ce5b3bd99616a11f7539acb272d27e19988218b9baf71020a39d4647ecc82778af58c735564239f9dfdd37a7f8ce36fe3c8ad503abaa5baeb8549eea16a81658b1e283654dc43ad01b3b00baf700d60579e0c63bf7ad467db6d8bbb6f72c2b3cff6270ec2f810eeaa1784f522782ed872d73b9c4a6f046ebd0647e4ccee64155a04efadd495eb548c476a732c94e2c5c6482222bffb6c515aa436b5ecee896f277f28847265787230a331911c7583aa27adcea52dbe8bc53ea6034c0e1d7d23c2d2fa53fa9197786e54581f5c547fc075a5a3b6812f9a9cd169470b61a07a3f1c4106bf0f619e5d6811a76971ce32a662feb9e9d8e7005cbac3c45990e2aaf8f26ca3d84cd580067b629bc7b2bca59c4e751fe4dbafa24c9b04e9de705a2a5605342d83785a3a858a081557113184187891474c531451ce1cbe33d332ef084eede4df122d2b6e3213f60b1bfc10c1a7c91a170f46bb15464b9d8e637270736e52a5c0a016353c1f4ef90e65ef0af252e596daa2ffbb957fe6f3ca174799e46651a50beb3a5f7f2909fad20e87b327b5ce9b07db34b080b0ce73a62a58c82cde86a69edcdda7f3d092b7bfd6a2d0e229065d3a6ce14ca6157fc7db0331b05e02525160cde75776ff3852c1c0b2cd45292ec519c51977aa530bf237dca4a96b02a08446d0a5ac4b1b97ea5048bc53e44a61b5a6eb484c77e1fbc730393e1d98b2805160dd791e34942d5896f75d77b78ebe1c6a00a8cd5cf5a67732175d458b54db2320cd3c5c0df022d769f2f12702e4cdb6d44e99f19c2ad75f1a05b9f9a981c2b124a670488a87460409616df14d171516f11e7d2d4fe53f4fe52ed0861c65f21ebd530a7ef61d993181bd74a62fb7bedc02cda9a7bc393cc4c64f31cd22ee633b27983b1f03e056435c66c861a56835b1d89704c27cd9b33f1b03a6d5713bd09aa4f2712ff6c609d82a6d28df83e0393ecfaeed1499e83f7569dfc536fb492a7213446ec049bc9312fb0fa176834211165b47691df5b79d98c9697de8f2f4076a7840e725514dc0d1dddf21be16c388c6e237e0fa7c008cb599abbb2de168393d43618074c905eae40039039df70ff97df191b5c0aa47286a6712b2d84c4cf98c23ad1324e5597870bd909194627b315237a8e775cf525e9f3f64ee1a0ebd0b619d2313dcd1b3e4474fe039b7b8b687e31896458b46f5a942f3644d7116b1e776426e948122662a1b2f3bd72845b339b99b88bbc022eda0944108c22ce7ebdf0092ebabe150fc45cc363e091b6455618670403acfd6a759c86dc046991cbd28be149cab2754d3e4a87139790d5c92e706c3ec65ee51dc4f39be893107978d131de872854867384812b9414e1514f577c9aeb1dfb6fee211ad585a2a7973f42867d384b1e4c008e0b3510f7c2f9c6877a2e8f9cafa474dfdf24fdd80ba34e801ecfcc0b217685cbfe9bf3cc99ef126faae4c0d87bf18814eeab2f7dcf1ec6b8d3c99d0ad5a90c1308383162aab5f99ea1df1a18acb13282d561901c469689c040a21efa896153131e6dd95f207cacc05d4ca0ed6829e907eca53a2e820f96206fbd64da005519f511ff522e1faae5ebf9371ca864fa6515de73b2fbec39203c91e3047f720799d20d754b297ac5b2ad63d8792732e926624a957b3b16fe55ed65eec5279a351cbc1c2a146ddeaa635d77b382d22e0a6d6076a723495b43888609fef2e4fd9207ceb78b57b11e4052601ce529cc65976b1b3056ab58583573b52277ace863b345ce8e56e9e7c2bd951107f818a753bb49f43c7bbf69b4766923e6561a0f34e61bb2e1964ed61762555429d5b34fc04c699ab95147258a0a59e147d004ef7854f30228ec14276523a01d97ee04222547d36e96971b5c92978a9c379cd5b4a11b3245b847a1867711ea5f12a5b1a3ee4d83b2e7469f03a180dc4ed16553427e7a530fb4a544500f72bd906c5bca4ba8cfd980aab22f5b43812457e4d52614821a51c88b8962f3b873273561d4e731de2978d8dd7fab297f8d43b589162a53b7118dd0f5a6a9c6624ad424be55e3902528951ce50be2351e47ae72ecde73111eca796ef05b0d947af0521e9052903ad3432ca06c94951d3a94a4071c48d8176fc248f2823b3e315e72ceccb42304252e7028f7453017516bacb51c1a80c0ac3ccf0fa81432797583bbd190057c68926d79b9d9a27739279f152cfd6319abe4c32aadca941802952cd5e329eecb829cd09652c4a8a98031a3ee39298378da33080d862ced8b0d11a303c6b0455031b1a963e0f0c298036d3211b659eabbbac65ab32ec08f4885399d73e63aaae82f749744ba7c9b5b115e933696902b1405c5c61061a6ba049f680d92b58dac76c12dab1025fa64548da8ba8cad5a8bc264148223b5294cbf9a6a436c94026ae4cfb540c92afe29c25274785cb48aa4e07540ec2c2d7341cddd706cdbf7b6d35c3326f8c52e46a33941be83917bd96b343a734ddd89cf64b9f48a5eaa49ceb7d697fd6c2b30c70e3020055759942e8d469c028bf973c9499663c6421cdb0654e2787aa58db31f81c8b65bbd4290db022fcac19505165a81a37d646e0e4a233314f53c7d05790b0d3b2273d8b0a09d005565149a475b224569ffb37e77cbaa91f2d0cb40045cd909bdd49a63e930d79be9db4815cce32754e22152fa3d2020566967333990c7198a61c5f46ce70e67b1102679e25034a75307c3f7ac40d1556481b45cb281702f30b8ee5706bc24cb4e401a3b43c73468d38261519461efa904805fa6b0b25d142e7e7e9241537a7766fb8aec9bc9f86459a5e412d8c94fc0af7bd63c9d47b61096a6cc49359db942d0c4f238d3ca5555a1c412c0d27029a327fd3ab5be62bf760b1817215cdabab0cc0a1dfd1266fbe46db9474f2a654c7982f4bbe9e688e1a2e8225663c66d30239c264972ddb1b15c125d64c63aea72fcc72d6f1f0d2e541e55195f1d111b8ed283b5ef2008558a6422a9cb7099002a842da0c998ab98f384b3c9929953ec4e043909a1b61ed180c6afd873ef9689d5399e74b43755fc3916c0e078a224296bd642727584a92768e8570d8693ad4cc81f7c5f7c63a91866ed5da78889e92fbcbe404e96d015528933432ea946a9ef2244514a6bf7a51914139b9b275e1dbc34933f608a410ed92581a2ffdb9f9c6349aa8c36e4410d2a24f4007522e0f47c71c8a122ef06cfde93e95dc6829afbe353db8418de5ea27a99d705d5a5a65bd8f5e2a5e39c4e46ed9ecac51ebf359c671cc94db36b930c03b877568bc50a47ce560701e5432983cd42b104da88cd7569d67ca079ea7fbec087287ba17ab26022cbb3e4952a0d9e0e40d1203ca2807ca6666379f6e2c99c1b74c087e5abe961125ce6b065bd3084220ea4218a80dc2da1952083d272e647ed2a793bb7b31446d5d06ee3acf9b2bfb67ed3cfbcfd218c9497fefb96c062209ac8d679c00caee818a00a7039a945ef23b721c93436b9b44e0109b07067afcdda7832ec9fe84e67307393b16eaa02c6e8a42e995495ef4ca12e7c75a1e1a51c69f70bce9aade6ae194853a96d48fbaae6971a0c250eff640ba381dfa76d2f8a2157b4327c50e59bc51302603c1bada3b0e6f16f4b645644b71acc49384990613c7dd8200450f1f445f0e5a76999368a230e966262db43c2876cb2716745065a7ec4e07e8262092ce872d3df2d4cd8a95db29f12ba2db34bd2518440bfdfc60580a2296ff0a4b86b984f9431707fa61d9d43d121b92461c3598277602a611f738dc44116ee0025bc84797d72651563a17a694b0d707f2c3341a5833e0ba513f7b6d336dffe822f7ef1261bdf180f18942abbb9046f949d6cdf27b407b006df6db1237ffe956009585216d17a542a7a505c9e115b4bf25bae6b8e9e4d49a9ca2e1036b5eec6aaaea7287496902ac056528cc711a90fb64a249bb35495e6d064965275f64aef9cf236f12363992dc644500c901486907d00d230cbfe2ca965eebbab3cbdebdb5c4faf13cd3976a6a128ce402ca3018574e34d2f0bb8a5e0f5e1f96e32ef4b37e9ccadd33671395a0049a37614ab1f7fb617b777b326d1a66fa218fc4155e468a89db087880ac2b06034b51394cb8e4930d91cebe49e3b5d1758d08470d46fe326d90b4731f2b62aff18392e62a7cd7328b1d96f761508a332883a62a724980517551447a81aab48470cca29fb4e1ecdc05ee01a0968701c69478f334131e6dc0c94f99924e2ad5251902c241af8c6c4615bb83217386f75e27d84643c76d43429d6efa4353b320c9178a936af8a05f91b9f27da643bb018a8458bfdb7ce7e255eeaba8d5e5e8f3727437e5a8f493c651533d731d5940839c895ce7942846a90c780740b7bcf4f4d26ca3e698c7e940c3a76b8fe8c8fda58e35e82f5a1c86218e99080415c2cca061bfda80aaccc14933a4794adc2593ffa58854a66ff13d0e3226a5b449cbb61bcb162cd84058f9231d46b87919006eaa1859beee08d24f02ae5c8ac115dd04bd99d94cb0649690353c4b3b4ad4a10ab0816d50d8037703dbddd93c31ef3c3b025c7b9176022db7712f810640129e70aea088332c099c022d2699fd58e574c3d235f50d0ef5a57a456ebf663e20c84d82d26fec2521a0f3cdeb6389020d1f5ea1fa184ccae0c4e6cdf9fe2e0acb8613a25cd849509c0f6971eb0767b8fa4d20a055722403d1dbcd6bff5f0d1c664906334a0e4aec94b90f25f258e8bbd4c6253d7fbab3915de77c3c2619792242e96b1e1c567ce774b3048f5dcbe9dd9e3251870adbab6f9de95b034b2fcbf0606145197189a2a89d4b2586a2d3a38ae4cc52d51229474bf88822674bb5b796543b5567d27899d9a5351f570796ba1acaac0b1e47fd98b4499eb36e099636e9fc6807252720a705f32550fb344b43faf034519758656b53f93b2635f18757b10692bb9434a8d94d7833e2bc13cef154e564489b628b5756a70c91ba858756cd5c2978ba810e0295134a593145ff12169ac6eb30a77a2df3e74979ccaee80f6b57802a414b2b2149b98dfb9a6f62ba96da3daafce5a23ae7b1b32e1a01c3587661a90c7d1fd234cb71e725b13bbe2cb06ac845d7d9afad7dbd17351e58879aba4cdd9c2d296e7246a734d9f60f7ccb0126f70225bd39de75a73ad56a1cee6049e752994f0d85baafce2d9b1625c9a00fccbbe003516677cb4052e62f39a52f771a9832264a7755e953f39d46130eca4125154461d5feb87f49cc520151f2902ac8778a27651643c94d2feb8a72318c0963aab18c320db795495c9c2e633633a7d0e6d8322790a472d3f0ef7875b200ba904a3334b4907e0d50520eb438c17071d81694a0f9d689827bd73910de24f5910e94e64a757b47652bd25cb416d68a162b32655665e9c0076842bebc09448b965c1b634ca945e507428e47a7deb5c1d7c1747e2c1d4d83b949447dce6174e98da7de9f836b6529ab6720e60885dcefc50900ade7b213403a03103be92cae8d529b62ebd22efb7c932a3a4fb7b02844239b748a6dcf71a21ca8a37f35ed0895c64c54e419510d4d50ca7899b68eaccbc4a10c0b00c7f94c4a3291475ccbec4010b57fd1ace503aecc7d14d6f39a907d347663adb2cb7d6a6f06ae11f48299d5c1aa115db9b0117a7683a6dc50463a23f76a14066d0ef1f7d9c6c4291f5e3cad9c53fcd9c4340d0d62a47ee18fc6bc2ded005ac18883a5cdd2a914e0a00cbe895647f85de06b8dad1cfdd08f48af5e75e51debef698985a08aa629cbbcf1d17956a9419ac6344b699e92a41038f31ca5e1c941a7bdbcf672fa25e9cd45e76029425bb908376d6751bf597030ea0216d948c3e89ccd0b472d3e7b04bed20f40a75271262d6fb746ee3e974271d6c6bdd8eebb9058d7e670c376ef9d96dbe34439752a2d96234015d7441586c7694878c8e9b2bcca799c46e4fc8b0c8f21c9f3b000307bca91e37d2ec5b9ca24a87d98fa0cb428023d4a83e170ee311ce2e4edf7c692d9dae4c473c07ecc2874b4092af2f5c2baace24c459294378036c6b64cd0c80e32f769b2280067d22816c1c720f23f5c33f61a0821d5be80aaa0da1da86b6e0cb815c49265a332742736b2c5635035f1bcb27bc3d225627a3d8d11f35ec7d5f1084ee69a93cc449bf37c81a86474e5a1cdf303066e9002506f8e021da2768c07396fcb7701978a4e9b5add1912cb869481e5f75b3b6334b211b9401a956d50855182d38242e2648f48103570e0e4817b18cdc84e8ec603d2a8083fe036b3263cb746489a1894e9cff9131e5646dadb9fd7bd6b5d8c2e7b58e25e71ba997f19b4aa39f132a65be6bd39d011f3eca7a5f2424a4ece012c255e561b19589fb558ef7b25808127bd513ba4caef97d6642c64634d42969ca468666871521a61a5be9f23fa9830dfb5a4425bc23e4fe24af3c499204367a465408a3dc2311026fb16d5f2835b1cc4e3d79f69b44ee71a564fc9de50b107c02aedec8a3063b718858e3658cc346cfb67bf8c641837883740d3c4129c7bac50c72db7397e6d9bd08626473679b5674bd3a09b208563448bc34013d6ca9c2f78fa9b67757050f6a491e8ff6ad5191562687c49fb4b42adf005542b4d341d2829c39355b828524a52c5864dcc603622e657a7c3d6f582549264ae4e52d2242477e7797fb309d3c0de33a9c62ff12125310d97611228595c6bc820ee9577fde813bd4f5819fea548a324a915fe2d1c662ae61196f6d0aebe148283a45ca2f1b4cfe1098de35f2677eb74a1a7f1882ba8158150b3c49ed5b2357b29ea743c24a6e80071618654568b5d305171e651504e7a3329f0d498321eb5844ae26310b26670a9b195845c5a23d24cebaf05ddf23e6d7aba461d8298fd33e9ae142f0c42156bd721bc8045a71b6ab09354a0a1612ae014dc2c5b1ad60e60666d0bf983a250a255222a389d8b2316aa6839dc96e9a6c36b6e6c9a83a08503bf6a9d2e513c5c699e953b56344d0a8d5da76da8a29d7ee435c02354790e1bfbebe22ea04e85dcac55dff4097e15bdd63ea3a09932d5af44a58d492ce2f681ae3aba46319230c193126154a451e5314a835f9d538f6aceaa595142fff0fe8cf895e359d87202d3e14ef223ecf185b0f7d63ddb77f89059986b30b23e874a1d2d35fdc03076a8736238ee9f8bd639687422d9b028839e66319f5079718b8e93f86e6d28b384b1a8ce2c64b32428d20727f48517abb939c03ab7018e7873e0fe39acd65f03e597795051e77c4e799e02900af9339436586d03f44268ce7bcccf1ccd31ed8bfe66761aa62ef22785451030800cf092ac02df1e2cb4f78ed9713baf98d6dfc40da74a2babc30fde6b5888db5dad3e84aebb9c5c37faaecc78aa7db9dd0199b75ea4105d3b7730179a28970ea8011736cde4c4a0864073302218a7578e0f238c11b9e88285c19f2f610b30f32149514b2f68a089b481299340066a56469fce318141ea7edc514dcbcb74c89b0522ba8b07ff210ebebbf5cc6131f65efd523a9958822efe812e11d887105deeaa58505042936b3d7f541d40bea391444353e25176acd899f23216858475cea1cb0a3279cd707a1accfa19e7394ddcf47616c476f23b49ce28a1f869a7ad883db09076a1ad6bfddf110731ce4d13eeb7b329c596a776f2d06765bd69714d72125086435439552cb40422bb5b87daf72b8276c8417f519b716e14f0d03845a175d2f2bda2b98d656884449f21b01204700e0d35a716e718580342ee6060cdfbb046d5e05e3639d703e8d0056e1977eaf632cd9f292e9275e4d901ac26eb3b874c876ac04841a11a07ed591e08d87755201a079e74885b2eec68dcbc55ce6d7b7d6b23c101bb802a8d4b1a2a5d77a9a16b9df075421d74591a5535c96b7717307fb0a4294a070db3ffcb81264a688d4a9a4650394e127d02ecfb995d17ae16278dba7979e3174be0ec143b5e9a55e4ce38a669c4cc480a8db3f8dc3415384a490de7567478a00c4dc1fd8433caee30eb04214c50aa6b24a337ea18e9228ac2193949ef107477b28c30bcdf6d0d1d466917567d0b87c472197bbada3e15927461fe95e24269d815ed3a6c7cf224a389620e52a7d44e5d62e7cf37d239ed8432bd7126e72bf37d59854c5242c8c712501d36261563652575e78cba4ee46994185bb8e05dc3df30934f87bcb383043f7532eb1b05e4423bd6b96e83be181d7c3518ad59c47a0ae9c517e7803fbcba4b0d08e752d567f2b75a4e73a696276bd0d4b93d0fb3504a2c14bcb698a9083796021055ed6c9976138a7941a4c500068a435133b0aebcf82e0d06a6167c5cc323334d4967d589222a4b97063633ac53e7dd1c7006f9e612cf13f238735126d771a6147cd76d5d3a38358cf135c12a22a96e28f448707fb6728eafb8ef9ad95736d790734b597efe480433278244b5cb9c0e70287a12a672d2b9c990f718b74c819fe7c74ad872e341b63769c6112d16e961d6b997a1ec1bb7ab1ac9c3b3a7dcb035699ad0dd94ae4680b5f6d22900e1d04f1a3552e8f8e7be7d0d6e279125a7eae64539203d480335b9610572d06a4e52f32f04a1d2ef245c582fdc4a195e1735ff99172ec7308e1996c422e78ecb8e1ec256e325733aecc4e8b603d5545d7e149fea46036e455f2fcb30d03819f914361ae576821de92f10e926116dcece6f769fb38b3b638de734e5c9025ca76999a19efd403fc9b7564cbe1480ca0d552f82244c9549d055044d635052c7408b71f7b7c9a9039c8aa2532db4b86e3e4ae13a2d50be419aa15bc75cf4547507691d7b1cfab24edd58a2e2e1b86ce344285d6e1f32ad2738da620f4385a113a74e65cc046c9ccd6966cf3eef7aa1b95e2315a8323617ba93bdd0990ee1d2fa0346ced0a14a8ea42a90a7627d1ef975d0e06f97f3850342ece0dca6d2f4574b3252cfafc95fe07619a699cd909bc9e7c41d333ab841ca8fdc709ec481128a86c83c700532d417af862409f9495bcba9d8219256dd325595548c7bc957d34dea6164216b0d6923e709c0c2ea842565f035ab18163200b0d8554923c114d066837c12c961c4831e08a72ebb1134253703b634917431e818423eb68228df79cd4b8006339dab87498f2b29db70abaff0d578d921abe4b2cf723fbb08aa1c0b759cdc80443452a3591164f0a04e5f1207d224e007f505583e002b47c0e9e842cf4c75d18dd4d1445316ef4094049c0ff97f00bed362035f69d29b74ab9add2f3ddb67c34ac6b7d77ff40b5517f9164b06f85bb7920d1b3268a9ab060e9563033c29710d5835db9846c2d3ab19c00b7467e856b45b7d26090bdff76dcb3588a05a41e9f47945108854e02f47dfdc22832413011ccf37f33a0ccdcb643390e166812769b2f4af086bbbc0130264aca6ef231a15ae2d9d39a17c8265d86a313983c8127044028541ea1a7a93e3c5e4f80d6430c3381d3330c34be9a92e075c6a6d8386f43220bd34df000d9203ac90c6a9333773dc729b6356998ecafe4414e6521b8254521b282412b9ef92856d081a573456015d772b738484aa8dc343a33089a0a73a0579b934d260451695c2ca336ce0f3d1e20833903b029d0630a83a3b542e010dd70cbacada90219e3c553547b1816b7679ffeec7344dfcc1fe840e666d1a0c45ac80dd481e3e1536efaa375babe7a70c4ed3a59ba222e787f5110ff1b303265085131108a8da6db0186341e9572a3cfa255f06160f1de884c286966c380d45c51994caca3914615d321989c3473e172277c4f2a49994e3987c06a1e835d4b664e5bf92941741639fa29bc927cd96daa8de5a886eead0f0f7b5218d657d7de1836d05b74e4f2f7f7f9332357542a0cc3eaf1d6b49ceee72a8b3e9c6d4fb4fa8b738a00c146021063e5f8a98a374f589e2834e3ef5dcedc4bfc5d39eb281d97370dd399e8ce274aaade3a62719c499efd74484513a69761d905282540fbe5b83e53365adf5b16dfeefa468ebd731eac3b66fcb691e7036ad5ad32822c29dca4683286389f9d687f2f3ee913595c9cd716d761d38b60c29f8967d8b306bdcccc3dc8788424860ebd238f403e969a44d8b70c4e4c081673fc1d1cdc9d14dd04b7e5149bbae96945aabb2be2f2c7a371881e8dc72b6b73fcda98f757ab972cd187338d24800073c9f913580b14dcc46e7463029aca03493f319c7492e365bd8e473aae9a2a12abaa58d9ea0c290858b3008ba0ad376fd1d20589df85c7fdb68dd6ddbbc230c5d4f94a9fe471d22e77ad3ee4bd3acc872a37291828ccf72654283dc26ae180719b819f8c06a399ac119f1fcba29b97d1f6600e83a61ef42fad45902e0a8d7c51bde6158e1305659d0d1ed2b19f2de0e99c539ee49d60f132c99a14260afa245a3d3a0f8a99c7170928fe39b8e34431ec63a77dc12473da5178b9477363f213bdb893f564854dfe326c7169dab3affe82b3f02eb51527b64955fefcb2499a10e79a78f203ce3322cae9be952eafcfd38454ee3fa084d8b90a3966c6958e7979b69ebc2522f98b3627dc905cb7923497bd0248d1f746a769db5b4e0bdde896166f7efd9c4914990c26ecf3e2f6e4523c3cb34a6f07da853876948ec4192a347ce7c72389a44ee414e1ca67b4c5d9ab914b524909d5f2ac57f587fe935642a5e0e803b94902d2d24860c77d04c0dbb05709cf6203d35e4fb49fc954830cf9646e6e4b268a12c141968e44773913457e737f65635b67a346820d041559c0067e271e53f72868405aec9d7ca56e13e90e653ea0400703a215e7fa6f57c0411cf1631bf246db15186fd4d79b44c997c8561a2cd97420474259922660435beee461395e1b2ab8899a3999eb74a0d180ebb38d848549e80b43269cd8b397dae13a31d9261b522cde5795e32ecc4b0a51129eed6b929ab0a45cee0232f00c9c878f04d1384d21ca9a794ace2298dbe59d5ba01ec169fb47fda1534416487648a97eec93034f5d40d9914016f1189c856277fe2e632a65dc43e02e82c765e56a1ca82a196e4949368266713cf1691e10d54dab2eb883929fc89fdf0cc8eacedffda2b5484e74448a68e98438e9449bafd45384ba597b90cc372daad2c229e0520da33e5597c4f66c2f2df3e7ba37d49b0940981d1d7e3debe453fd98ea4e33822547814be13f2095dffb39646882aebbcafdf896f9bdd083533a579338735cc0520510de08210243f91720f3b2575d0b468daf4139cedae9dd274884eef924c8734c66ba8225307d360fba9e431cbe703176f38838a5194d32085a0222f54e61748e10f6aac231211441b2b72dfd81ad265c2ca62541317e8bab4b7cc2863354cc99608135f468e2aad381f199125c7b94b981365dc1cee542e934aa023b42e68647239074be48b2ed0b258f2425d2db87123cd286f0fa350662ceb6999fa3b62758a7e46896050a767ab01429194f19a5a531620fb19cc1e6c599c51070fba29f2b81a2ed1a144ae411a7a25afdf808a788be883ae294f76db4e3906ba1c88aa2580541a6e8b129e2b3237cc06627b8321b498f6daf97e1b25b209d14bddd86b52a4cc4d2ca33f643e783d7f68a99bc44cce4925be162cc4512dca01ae7e3793a749947d0f5f621ea81d97ec6c30f358fb2e9da8015142199ad932ad3e32b54c2a88acae9cc3a426af9ea6a448a0e8ff62d5d7904effd4e8cc87a55779e0ea023fb02b38cee4d342e06f91cd1d7147c40b0d320ddd51a797aa157cb6384593c43b6ed2a4ec70b4d2b0c952aa3391a899836b27a434045f54894439959bcb4128eccc0e481e5b48c9d1668e03da2c0fd5f7cd54dd28094d3304910201219170c4d38ab061f638a4918e4f09b9e1928b2b1df3be9b3e5ebccb32a0bdaa4b81db40c6da69b634aab7bf30016920c0420b6cded22482755098effba8a81f3fd29fd2e4a0cce823487e2b89b62995babd98907c8ec8726999afccb911eef167aaab2c2c6911d6c43d156212518987065a64449efad7010b231916537ceb937f630dec75e1d1e66b9dd1ba5ad5a87b6a6960d8dac93ccbb2c88524ed78c04cad9ab04f8a4581deab586ad4d0b6e5b6cd7cac48e68452e069aaf943c423bc2aac53d18f82ca1cc3324a55d986e21f4bb71499bb70ca1d602ecb164f5204244369b1ad72505e3d11e13472d7f63cb5739e28913dcdc0791111982859d812d0f4590c2f4c6b254aab1aefe6e5d74e75942325b8a2e85ed249ae1bbca3ea11d5e5d0dcea487a25ef70adea41ff57e25840213fcb3411a7e35fc2bedbda87d08a0e4562094cce85a80e6692149910d2784e762a6ddedad8e9ab167cdf04aae4265fd4c92bd5ac0b505427036065d866e29887c9782db7f157c713875d7bb0d6e4f4fe49158859618d3a8ea0d3b1dcc0014d2b151ac998452dd270decc4b09a7d9422f34e9120b112cead7529d38c45d3ea8be489950a8abda6eff69f777508bb6a0521c5ee31a2ae24fe2ed8a06228aeb9b3dd479c21cf8b2620141826e665bc9a7386dc9ad25e44638b1dad52b22e2ce126b2704b5ed817012fb83a3108497271ec8e6e6fd5b1a2582724a74420896a21f1b1bac43aba84c63e0f47ce4de7e1e50369758585c0ffe998af54bb7a65747b474edab438383100316ab27e37371656c6c09943b11e40c17c4a0dcb542de62317ed081c07d0fccd8dea8f86ff6301a6472336b2fc6147340d3e6138424678218397be60b0f5e648ca454032bfa5efafeda05d92e3235d47b2aaf563b810b55441225a1916629af5d38f34479b56433c37c683e60d85515b7554eb02e99d6adb741a083839cdda6f2074e6d945318a813e42972547be5530923b42c5f0a772c26e54bcf1c538cb80d4209865e9a2a648625d760305b17ee85e19a5f8e63a40f53d5c9b203c23f14d233d3567dd742574c57ade85517d90f147cfbc5039d6b4ca32f0d776ed38fe6fbb12740c351f45422cbc53e943aefa188cda9020d49260394a8a8a302e440e0e083cf0e87fbaedd97b90f897b6964fa2d6a465e0468824eefd44c2c5348086b861516432abf6414ddc173510da7f054ca510834b264b0b6d030674492ae3ee56886d20c90698a1cdc4882445ab250e2e0127ba35b96f182be51772087b48941efc9999c03789fabba10a83036381aadedbda03c31312db5213b07a39ceff2222c26c1cd5c465e4ae337274fa3972131f9a4601663f64cf9d450a3e578f5a852a564c2f475f094dfa57361d07957b2b0b5710fd68c1985aefd73e9f0b3f4c9eda4d596550f86a94be823a1a1c2b98c67f085e0ae8b2715c106afbeaaba171ae2a69422d21ea49b1ea750cc18eb5f85224942a26026a5190db1d5f7f5b5b57fd5d4a371f94dc56b166625d9ba38fd11b628168aa210fb2524fa755e5ab89c90a159f99b33ae3c0251c68ce5355366b853cde080c3f191a051b177a84750a5cb6f64a0737226e748931f2a7d00664d53061b96f046d9a84599924f078e5dd80b4da2f6c2c3ac88ed0aeb824bc107959f0a3c80a4748e07f53ba5e44230943f1b3fff92ca67b52b7d1074abf7d435c698337b77526bd485958b5666a8aceabb65c3f40f949898354564e0665e2df3846d6cdbc8daa9d2b4cbba447396c60a450dd35513e1ab8deb0c04c0782500acd71080c5373050e9369cfab49a26557c895954a1508646936bb3b17134259a829bb3e83b22e8801ca8fcf721bd65b06606d3410836369fd69b9c03eb0d77d7e4c0fa4fbcfcf62c84e9a499ebe80f61c1cb5018d61e92d1d89c2bc3d283c92c7815b5921e3b5f47897907bdbe543ff0cc6119b339d0ae39c826e2e865c3aac3ef806b486bdeb8e136b6ffe85e5411984e5a086af7b6a644a53f97fbf202365eb45391d59ae771ce6320e25cba3e93f7ac65e7abba9ad688a18c2aaafc581a64cbbae55a26d2d417b5d8994babde00d992b82b46e12e46d8e26b5048c46de312d44a0685e5f2f61d4e5d9c39e6c76353fd521500c545a543ef56abd3d3821bbb89f9908696fcf1b26968b531a09af57243b2f2c26fad3a7afda8b1a47477770fd87da1ff09229e7b33c617f3bdac5e249345c4c068cb84b4534191de855ec9b00e79a6051d5628316d2a83cfc6a701743200475ce3b4c6982c90a546d7e8b4fbb474abf8f3a83f3a6e0e6df9659116fda16ba882ca818741e2ada4614b38e254205564b963e4228d10df99fbcece29b389941b123c96363d4e96719150b928abee310c56b3776b851e687c108e03b41157db6a7ec75f2a8301dcd5813c603daef47d47b3d056296d731ed52bbba8f0a345069eeb373467d9b46c7268a6d3efb2db1294caea958b4603cd4f5812ada2b1f3d2bfad934b8f9cdc81d44c9be19deb334c2a23d4717c7ddd2528157a1ab053bdf4a36879a4481ca2efb42cfb9247004d91b1e4832a7f900c75e759879c1ce3c617192c119537c845fe423b2cbcf7a2aeab2bc4bbe19cacc1d9ef6fe15ff681ec7812101d476564bd08fcf254ba93bfbd873ec516f87678146b44857bce432d564fcca1c399ec85cbe2573e13c9901852896cd25102a42a0f415885c20e8a227cc58b4a288b73043130280b4cdb1d802b794116af94fb41bc9822412fcc33aa0137b8d1e09be5c8f7005da1b1dfb36c57c64acf86e3c535e49bc4fe821e61dad152068e000db6010d571dd44e865291a5c56e2d5c247b40747ebe3541371102b48c498c798d314d40984d4d23ce0d6fa1e4b4c506b4138368d8f25d89afe5ac15cbe5f408055ae1a79e88c939a1276bfcd81bf74ba7f6b8ebb074509207aa992aece8a741b587a4c35ac392e2d07b6e9a4b2926921e7eaecf33cd945364d04a4365ac127849b4bbb55b32ff27dfdb407518c0718e5438bc45a7bb793fef9554d5d2097acba4e0504b178ff4fe81d632b660fdb6e0f4970b5550b95b36a4910a7b3384ea75f2ec544c91b893a62a0030ed9dfa598bfd0b10966b1d8b4bb5a60b6eacc74db7b7720e1c1562c9b5e3ecacc2d441711380b4618eea4c0f3ec51170c1c58125e98e051e10d58e2c1ac5a61c4d459e732373c1dbb68df388cc62e4f38a098f2170a31e9b1b50cf966bcd4923225a9b0302eaa4a4e9a53a3be0c4ec5b73b61d7429c2a8d631bcdcb1de16442f9ac701bbfc90545545558ce3927cfd59b35d3d4a97841ee6c5bb4c4a5117d3542e35d7e1645d68fa225049890cef0e91d5566fc790d0fab0e1001f078eb8e413c9e0f695bfbff6215687959a650574bdc04c27e5903d923670f33f6a079e94e0a2b248443cb5d55976ba20b59b2a381d7b532271d711998709d7f2c469946a81e14fef72c6d2706c778e135d18e6540b02ca7ad713ac6fc7ed4c498d6f5c278e56eccd9844d44db2ebcd11af88999bdf48ed3e2f390e6fb23de3797a626e9830ef1df50257427d45bad5ee2bd3825f3a7be316551befaac96952cd59812b15d7e21d141752d55fd83c08f5827d068428035e64ac2109672c1b1a2a598bd202ce9a422a929b944ada78d55e7683592faa0753184734287250c9a7955fb7ad7a0780870ea56164720e73f1fb89b907f3f360bcfda88f9d95f7518d23e9621b787ebc12915a80bd26dcf490e366e46943a21391646c2f69fc3d614e4c6ddd25d7d3a8fbc5357228616ddc6c64f67b666553adc514a511aa620eb290baca8e94e8fa2924a09c33e86bd3206de265f62b2f3f1f3462e1c0c587bcfc6e46bac6b540e1abf9325697752fb867bccedde59710949aef823b8843b23ac77cf251ef0926d670d2a0de0af12b650625256d9f64c271d1e477c20dcbf72822c5046d9401ecbe34a924e7ba69cad2862d2d32da46c3a90c69b2061836e9037513ae60e8f50ac3acce1297a098082de97017527a07b449e1c8e4c0211e8def6ce8e68500c19a9d056e3c1cdef5f2b97c1a90cab797061795b9e3a4b91367313b9673a09b146fca8f7ce9119e545aa256faa09e2ea02c47e76e41658275ac0fcb76dd3bd13c100dd9c7541887da4047346cd3ee5827120d81e6d07aea12b75548f6c5671b934d0ecb2d7217460ea3699fdc3e0fbff17d0cdc6763d62c211cb12ad7fa372bc4af4ed8d93ef252a7b5dca9831eac79815b24a5654186aa27e963692539aa1b5ec4b9a9c8ea165280e71a9078015dae1b0773706b9c24ffef72986918b3225485a1410643f5ee70a16fd2b6fd6d797fb898c19276485aca6c0ded421a5c763a3035d4df5128e286e2442e10106864c044755bc396ec27066d7b894204529d88965a619449c3bf2c422ada89ac60d6928f75faf6903ee2ba2cc6807e0a87b09740776c131a5e22c74a35bfeb22a80b0e50c746232c090d695a47ca35d26feeaa521a049a087151054d4a11ba9da5763fe20cdc2c780a933a3a69551e01dc2dbfbf3cffbd270bc06156e69db7d9c7baeeb4f62168ede3374f418b22604ac24b539d986ef0d4a0aa0655d89f5b1c5c3f2db1dc3faadd95255819f044aada262cf89535913216f227dff748b1e3eb6d471d7f2be67dd3805bd040a8c20ea37e015890da867a8bd378ebe07819f57b4782595fb313034b54bdc86a7d84d1ead528d581434e18cc4ee5cbb8cba175a9f53c049aa5c43d680b154f0ce0352a2ee8520fc3427a020e6d3fe0a054872dbfd39e2c96e23079c450dd1b7575fbc9ce30ca1c759acfc273f25dfd40fb7fb9ce1f98669258586fd6269ce5a508b10d29f2d091206d7fb381d4f0714e773a5cf6e1040728e131ac0ef8b5666bb1c971f065b3ffe2759df150d4d4fbc4a332f77a96079606089186198814eaa7be1778eefc8bfe305a6df260782af50eb1156eee88d3a2e3c302f5eb02ab1e0b95c6572d7f28350bbbb522ed4f42ec5299a1a59441f90fe2609be0807e36c86108fdb80e77283233a24504a2a61a459a0879b81917fc5304e1e0735696a4e34ad2e53a9686ab35d0e5e20b2712eeccb55a118f0ddc53c3295fea32469e860c68aa75e805d95418ba42527bae168003ee9249f37ece3a02691ae7d336ce903bb778b262d338dfb0aa0053a35ca78b769c0c169cc2ab78e4c5aef2fdab83241c77ba0e7edec0679e50b9c33e23010bd1c942fa4e0fa151b3b55b6876196ae99623e680280e466a21c615b8332b486e292add0fa90c7a80dec902ea24e0684c0fc5421673a50f6aa01b57b4ed6031aaa662474875f0349489c25d8cd99010b1c8bf0e1c120aa98c1cf14c6b540de63ee0e59a90f83e0065a94153c2e8fa328068ed6687db4c1d2cfc7db09574bae135d09191ab851522ee0fcf86e8186b25515c564147480a228ac5d377b976e8452e8b355b9384da33621de832ea260743228fa4591e293ed0b19ba9e094666c8ff7568ef40bfc148df4ddd70e043f7e6abffc4a7cfd65bff078a3208b1c0d4949fe566f75e0899bbdb93329358953e60dcb992a0dc7f5b3851617bdaf9d6f25294681bae8986a12a2f4e0ca002a5f0bf4651c1e45d89a67dfd003cf8360e15412d53bfe6859b49b250e35929269f06cb980193e01a11b5fd4c5d6d57055c70746053d589d46bff5f2b114d9a62e75f1a592f71dff51dbfea10edcea54dfab8fa5562a4a831640f05c50f439ec9e479ab5f3698a53c239400ade352184861a2f9af3e81216770ee09087ee3d65beefb8955ad17ad138bfd005b5be43a3dff347792238c49ab132ed1ddf87a40df932c01494bc555b1dab0e8c0ea9546909e8b497c59f90b22b8a566e4f0325eeeff6f95f202592c9083b6296fc1ef92935d3c47f90489828a5c52aa06f64e650e123aa04b7e6f550ec585f4f5ad1e6df939ce970646dbbf5f715b05bb4439dd5416f05b25929c12a8aafa33307c097b18eccce4dd4c696d5f64401ba6dd84de3697b41ca0d81a8af138051e76f73bb3576d93633b126763c24d7606da4c69229221ac60ba56c0a45dd49072403c72214a4b38a64e232ff35ebb1536ae76d028e5d50c8cbacdf9e7f8d42cb648f20233479ac59d7d04bd29849aa6e285c228db87cdfabb0e83076755fb32b86c3fbdb34581fbe729ac095d1125416bc8e47929660d1c599271e3730e549f391279bf09ccf09e7d0d84fe2ca227b47487db72853d9acc6777c98c9d958ff8347092568a890c3949ddc8997aae80b4bf7076d510055b494dedebcfd589d506c0cb5294596bf73ad104a54c02a81c789881c4ae127104896c2632716d351df7c27a03350c7eb0e0aa27186a4066123b60e2da9eb9ad5318cbc0f96d71ca54d402320102693ac492ceb9c9bd359e971ced3c4db1951fe3c86c0936f8a46973e22e9649c224041d45b1a1b6c6426c7b0ecf44119bf11e4d0f724a32a25b7202e9e0873b72279c7ce1da588d9aeb01c198a6c0c4a1d55eaff58db1802934a394bee257151467697e4363f691cb616f4a3284619bf51d7951f36078f848dd689e1180c8b604727a8c67c491aeb720757441fa5cc133415dc066ad1cf91f65d9ab2161f7119c857ce0ae8d2f67514860efec42293c419016f0e8f999c7bd326d458a4d7265c73bcc2e82f5634c72e7e09aa6f086912e61c7970f0c1fb8d4d4b6c1154535506174214f3236a1292c2764af81153c19555af9210bcd5b2a58aba7b5538246f5399face6248a90df3046de1958cdf891f8862c2e2e4a185716bcb9f2ebe3fac6c6f83a15bf114a47829a95ba1a2c9acace085eb425dcb479b2d4d4a336a858a063107fd8d747d719eb7196dbe224500bef42db29b95a4531dcdf53193732722749e2cbc6625f903d257e3c7805b861e6dc059c352807a7c76e3210295b11f3ec916e0a28787c1740decba6ea1f0becaec6436044561bfe8f9f30ef33307bbceed72a22cca537160c38687ca9ea1da90cba96f362d8585282a44b57db76bc1e27e4d1876d8a5320384f4c1451fa059d92f4d6b864ed1823ef8c2b55c9348b1dd7eafa0eb0d2fbe823f305039c8895ae98850273ac192f3a99bcf27d31a038fe36b43e06a0dc28ca3199e0f2d23833dfa099b28d2f6afae3fa448759401f783f430d370b4295ac40ca8b48a18cce4dc56d441eb7de7b5226fb810721ca85051f858c0827fda2a558d0dd46c4027a1da133a593da6e69451b24f49a7c248638d8e586f45241d6547f1bf3235b57530f34d6491a8aec7d76bc40183cc158cbbda60644a69d8ca3568ac8381b1a03a06c6af6395d101f2a1c70a0e0df7c69e1ac84ed02dc65dc261eef34a8115284cfebcad585c96374b6049a429e17e6ca7982d8d9b7125d2a5c021504d9d690e8d06c403ea1d2ca8421bb59f948ac5293bc9ec8d999cdbde1eacd677284d945b3968b7d83601e16c5bc5e5c017750ef0b5dd3f5b1416576d65077010d178f992c76f475ef820c57cd54f26fd0ef1a065ed9be41e6955945139dc46f8c800473bbdc9dde24a0cbae06cf7196edf4580c56cc0aadff0a3eee381648977735057ce471623c629c5694cb3c8bd9c3ca08b270b708b0dca64011775663d487767d700b632422f79055be56672eebccd19970fc68a97a3f40f0da415687164774fd55a3c928bac138fe4e6d9409a5c4e22981dc5ade2120b60a187399e35c4f3203c9758e63c419964b61053c392ea0bf9a06a76da502933603a2f0d648a47d4a17706c3c903fdc8e80cf5c51787e4d26242aefb11ad73ee7a49611e8f320bb40f940dcc2ca6366f969498fcc2ea3513ce427b2fa14a550d00a9420e7add39cb466be712d2e85599d0b0999cdbf6c2bc041f61b09216926c03151f1a2ac49430a54c252c4e91f64e0e84c9ba61c4fce9ccc30d0ad14b49df5194f28a94586420b78800a4223cc38f8a3ad5db3745a9198bbc6ab15e3225428c1827987d2dfca89466f2fa626c93185eaaed456b629ed14ca67551c450f94bb5c317e6962bb1651fd3d5946e72638d269f45975335023c330b8a27487573d6e928ae53b8a5119772c1e80079cbe89ac9b9c3f032ac14ba5da252a82a7e2935c3ca15e3605c68c74045b01fa896f1557d9929c8624248eaf522fea2429afccda9c3bd406d80529d242af964efc4eaa9c869a7bcef3b6f4ec610d59d8a8518e6d5c661d43ff3525081a23ec0df8aa57e6477d870af98a93acba66a30897485e7bc0078f5f964401f6b2a3110f71ded01cc75fb40a5de77a3267160e4a0ef331ecdce190e8eac06a790d3fca8f2645b69334dce891193ba16789e4757e66a54ee979741a8fc09b78f495dbf744d465756bf462aacfe428ee71fab000cab31f1406ea124082b417534c52071a20cb47a59b4a0ba77dce9fe9370c64ae799700964aefbd0fb5a183a20559fb07809b10c3db410c7705af675119ba7712804c3ec59114392f4b0c7465b817d8ef613ebc34a3f191b1b1e09cbffe11de7296c053fc15290a9d1112deb1cf76419af1250d5e4c0388387433aea8282179ad9b90d93438be7efe14fead549aa43c6dbebd2a6c399ad408bbfb272080a0e67f2012c4b84d612a01b0d36ef1f821d9d79e3a2ef5f1848aa8c8b8da4a3ea9803264547e68325e61b6b0b0b4a12cccb2f6be02f1f5edbfb8582c915163f2ce17bea4748093393ba49ecf5fb9d5673513ca5ae13adbe6872ddc43c425fa2311ccc2763c11b2c51926d11c34b60603450a993c03b1dbf056e7c998d26592f2cdacfdacdd9205369286a3f59cb1a68338e6a3049df0d3b845b8d0b812860ea2751a378848e9685f53b15f5fab1e4c4411702a96cfaeac607db4fb7617262e80fe1e59871f4cd3a3ada95e9ad2b888da3ae8bb1c2fcf8478314ed7844cef0d7f241da8856fd28d9557eafc81b8bb67129a3501f4b933a293aa7d2d7f9e74528199500206d63c2519e7a7fd9b917b9d4cea264eae860c7fb27a9db938ea7f48534a0d514687a12573fa3b20644aece78501d8d6ee0038cde2c8c87d80ea49c8b555addffb97071e59684d56ea5c1d0af1984033cbe5106699d3cefbae4d2c219c2b3f4468ae5651ffaaeb98beae82daa4a335c97e4b6b34430436c639cf100686666b63a6c092835205ab1c2cb54a2a6e83cf73b6efc8e974d861e1254856c56bc11185084c8b6d01d3539e3a927fd94cf7ed98db925a23f4f581b330e98fdd04f055569135cb5406f313d42149148db1e69346f5ca6858a62927616ebe296015f320c53c85d4ec314d270444c06b2ac8ba4c0b4e0227a2d11609a1a1e315b8998b0181195d931c5aef4fdf4eb66010dd6ebba11676bc2463a7c5c39f899a5980d874f51ac3e676f7b152d389d4022f157e306ac2e97d83cc0a2535ed2034285998842793b8b2db334c9e588a64dd9e44012ed0b39748234b24918543a72b0e42ae0682ff5809d659be92e9a9c408b57be643669c52a2cc506184d051de74861d168d581a19d3df383bcd9c0722dac7e0d0d4282267565bfda5fac1f32e98b8745a6442234c93df0d9a020f8947438994c38e66e64872ac50fa524a8b42f664e0acf58782fae498593d6872c6302f432afc696a6e11ecf7d1dceab393070581bf4543e8c269c7d152b126323bab12c9c8132f282b29161d924473187369cc3f6796f724e2134752a5fdece65406c99c4a6bb143c1d76b685e114981c8feb62671a863eaea372a19b106c0d7e5a8264580c8aba6a771221fbda3ba23ce39aa22b4a2de3f46e951d8be867e06311a2909004394e2151384e354f2ca14b21508a2d4c54ab21b2c435051634eb86fdb82689a064f839b1523f56abb2425b92c816b46143429cc184a2c39a191a6c00f07ea574002db9639cc04e324b9c7533bd0cc57022d4872d710f8d7ef0440c72735666421e7b117c0e77a876bf95bc9ba6d154db190b0141221cf125bd0d70bd874c8e5f2ab7eb6c1358d0522c6b8e9b1831871e016a3a87549f45726052a6cfcb8bfd11a1398206d109baa1f7528d0728a356741058b11faa055b6265698df4f3ecf990eb6b355c1377d4051c953f8c5d2044235bd14db074bd89ebfd34ea7ac16ed55d0cd64e69d82cc373b4df579d58dd08a2a6b76090066708956e69aeca342e4c22a83a869371189cd29ea5381793d35242cd4f64cf32781e82e169ec7e76e932e5918ad29f8a8ecbd123855cc041e9c570da4d4e1ab4f46237f90e74a81174492eecb4b70862f221faaef35ec20a94b914247fc5ffb2c352a61bf34a6931e58f39f7a700b98e0a0212533bac6b0cebb862553ba26231ba8e98910f35e0d14357a4ef0c0c557b5248f734303c6ef11d932a5d9a5931dc67c9b48333660b6687378cb6ab21f6ae58378daffe234557ccbb7bee9b298439c964bf1853cc2740e28e9afc7f510400cf89372c0d9aa4259ae54cffb2adec8ea364b7f39e3339b2ce004a698e97948c8690b23a1b1ed2985a3b161d07c530674a7128ad92c216e1395d58a70b2b15cc9559c4624ebc2e46f2a1ab306a7e563b1ffbb62c70fdb07bea4825b84e7369c9740cb6d4588a382da7ef16249bc8995a9fe1be48acb9d1600c5a638d46e6471bd408a90abc7614641d3153d204390ae1064d26ebccc95d69da6ba1696b96844f85e0a028cb8a38130c546ba8525cd7cfada06132c61fd68e1a4e97c9d97ae081963062e41eabc26b64512f6d974f5d320ad484b07b927f9abcd67aa894f607e42ee209ae6ed08632d2325a58492bd8bf34280d393c647d13e1507135ae7f1053b430dc4759b581c9c1e1910e0b422f950a2456853a6fd2697e9bad8db8842c0cc8998c28b39c990dca3ab3a1999c9f3462ae68b555183fdbaadfb0a6b2cd0bb2ad306e30180c861381b74b6030180c0633390683c16030936330180c0683991c83c1603098c931180c0683991c83c1603018cce4180c0683c14c8ec16030180c66720c0683c16026c76030180c66720c0683c16030936330180c0633390683c1603098c931180c0683991c83c1603098c931180c0683c14c8ec1603018cce4180c0683c16026c76030180c66720c0683c16026c76030180c0633390683c16030936330180c0683991c83c1603098c931180c0683991c83c1603018cce4180c0683c14c8ec16030180c66720c0683c16026c76030180c66720c0683c16030936330180c0633390683c1603098c931180c0683991c83c1603098c931180c0683c14c8ec1603018cce4180c0683c16026c76030180c66720c0683c16026c76030180c0633390683c16030936330180c0683991c83c1603098c931180c0683991c83c1603018cce4180c0683c14c8ec16030180c66720c0683c16026c76030180c66720c0683c16030936330180c0633390683c1603098c931180c0683991c83c1603098c931180c0683c14c8ec1708a4176090c06333906c3c9d81b329b63301c0e8d5d0283e17600f903ec32180c16e5180c771ffbc9dd8876190c06333906c3ddc733737c622fd9753018cce4180c771d0d5022b4eb603098c93118ee3abe34a50f5d35d29ac16026c760b8fb7872cf3d33232310180c66720c86bb0e243a17305998633098c93118ee362e6ed14f3d3dfff8752be7180c66720c86bb8c4b4df342dbfcf2575a8b730c06333906c35dc4cd444f4dd3058fbff26c9a5a72cd60309363301c1231a6a79eb97ca43f797c0fffd193fb173d5d68820811180c8683608237060363deb6eff9cd8f9dd9da7acd630f1ffeaf1e6afc4e682220384a2cb56656c760b028c760381029e1dffd07fff4639ffcc2bff1f67fe5487f3801f0de6f4d5284f9ef5f43cbac190c66720c8683706377ff17def59bffd3dffda9377cd5a34d0847fadb8fdd689f99e145df78473ffba5d66c8ec16026c760588b17afefbee3e7def3977fe8271f7edd6bfef5eff8fa23fd6db62f1fbfdede6871077c20b8dae20d6310180c66720c8695b872f5e6fff90bbff63fffa35f4abbfb6f7ee3ab5f76e9e291fe7c8af4fe17dcb96c6f0009e08f6fd053fbd69d63301c04a30f18ee537ce585ab3ffd7fbff7c77fea57aeededba33cd9ffbceb7d211d5398303f29e2005e60d04ef5d6393730c068b720c86053c7bf9dacffce2fbfedefff14bf348109ddb9b7df79ffd96b367768ee6aff96c7530c23c429a103d30c14fdc8cfb965b33182cca31183a3cfddcd5fffcefbce3377fe7e3ded1a4d9010c8ee82d5ff39aa33ece73339a126e7b873c1714b2d5f9d9a7e3773d343913ec1a1b0c16e5180cce7df9f2f5fff6c77efe5dbff86bb3d96c67ab49a9f5dbfe3ffa8bdf7b767beb488f83e47eef7ada4738035b444d363a9ec821ccac9a633058946330647ce5ca8dffe4877ff23dbffcbe8baf7cf9f664e25cb831bbbeb33df90fbef75f9b4c8eb617725cf3be175270d9d078609b137d437fbadf7ef8eae4d5afb06d653098c931dcdf78eedaee5ffaaf7efcd7dff3dbe71eb974eecc0ea14be0d32cc1247cd5630f1df5d1c0b98726e431b58e5c00728e105aa03debcd3118d6c3126b86fb02cf5cb9f1d7fecefff5ebeffee0f9872f3ef8e0f9941091824bae8ddffb9ddffa756f3c7221a725fad8f5d4a2dbf6880eb3f7d638ffb0f7d7223e3bb7e49ac16026c770bfe2851b7bffe9dffc87bffc8f7ff581d73e7afec299d96c8e0091dc7cda3ef0c0f9bff0e7bff3dcd99da33ee68badfba3eb2e026c31f9807298e309763cfcfc97dbc777cde4180c66720cf7256ecce20ffc8d9f78f72fbce7c1af79cd7600647a597090031cbab63f7fc5632ffff6b7bde9380fdbba0b01bc4722070448a905a20021786fcd390683991cc37d88abd3f62ffe173ffa9e7ffa6b175ff38aaded2651444256aa41260020608a6d1b8f1594701b283a84fc01fa00e4ce645334a7dfba9ca215740c06333986fb0a57f6663ff8dfffe4bb7fee57cf3d7ae9fc83e7dbd88a612002703912c19666f1dffbeeef78f8c173c778f0b381db7158af203f52f094b712a0772926fab92fc71b66730c865530c69a6133f1e2b4fdcb7ffb67def5bfffc2836f7dc3d9ed33d3e90c1c05996793344a89d14de3b7bded4d0f3d78e1188fffcc8c26e0421003066cc9f2ff13f8e07db646e6ca190c66720cf70b6e46fcfebff553efffe9ffe791af7d83f7db6d12523381b4d3e44fa98d11891e7cecd2b77ec3571f277e6ae9039771273fe2241185101df9c85c69c81fe43025bb0706c32a983766d8345c99a5effbfbbffcfe5ff997172f6d3567ce22428a086210d4e27899013a47faa6b7bde94833403be447f9972f24f2d9be684b8ef369125c438e7626c935f0bbd79269ad190c66720c1b8e96dc3ff9ddc7dffb8e9fdff1e9dccb2ecd512afb92f5e2ac1a6b7802cab24787c1c5e33dcb8e770f6c213fce9c29d2d844d7c4046dc278569eedbffed4f4726b36c760309363d8607be3dc3ff9d8177ff87ff8c9079af6ecd9ed39846c64382409980d0d5272481aefe44fdb59fb57ffc3efd9de9a1ce389ae467a6a4a213f18d3de5c7eccc445a2fca9f72e34e86ecee0b999991c83c14c8e61433125f71bcf4efffa0fffd8f58f7f6472e9d264fb8c8f3992a1c8a10cf1ff323c0ba20580d9347fdb7fe7b7bdf578cff5c99bf4f8aef390c284a3288f0da60950e3c13b60ec0467120406c3328c3e60d804cc9cfbede7673ff85ffee88dc79fb8f89a57a20f9c49cbd107a6d410600e3ef2ff8080653831c66c1abeef7bdefeb2872e1cefe976139d09c4d6c5210fcda1ecbaa516dc84f293bae4091a9c983b6730589463d8487bf3de17f0afbce35d973ffa91f32e9cbdf0a08394b0e5b45733092e78da22f0e4924b04e4f7f6f72f9edbfa81efffaeadc9715c2e6924c51d4a0d7aa42666bbe6dbfcf0814784368e38d976ae719fd9a57d23ae190c66720c9b8439b9dfdd757ffd173ef8f4bbffc5198f5b17cea5983cdb05e2d8c373dba79809aeb450b61190e6f937523a7766e778cf08ce9df37e9e1f1f84944044d2ea1358431af3936eb9e6829ffcedc7671fbd6e36c760309363d898f886dc6fefbabff6ab9f7cfe9fff8b9d679e996c35697b422c460301586080581e805c882271e3591e80b5029a0be72f3ef2d003c77bd26c596e46d73421866c7452c8c114352cec99ed998f08d890df76fec579fae4cd68f7c860309363d888f806ddff7bcdfdd067d3b3effae7f8b18f6cbdec22ec9c09315b1ac07cfe0b5f2c497cc3ac35c01c8584d8506492d97ff39f7dffdbbefef5c77bde4fefe24f7c617ec9876c71c04726a9714dd4b3f24d7e9a6c7b98899dce02b439fc31da9ac16026c7b001780edd0f7d62ff2bbffc6eff998f6f9d6bc2643b073024f92e94461c94d0464c0e5b9d6c761a0e80dcfefedece048e2df7bc8fd992c5909f8c590ade7942ee3105316efc4f925e9de0dd7b2f93a94a1b0c66720cf73c9e9dd13fbbe6b65f7866fa1bef8ed79e0b0f5ff208f9f8cfe680a80d39ca10a181d00719217fd9d27c3fa64b8f3cf2d6af7bfdb19ffae1099c6d429b8d1739cea3610cd4729729c7382c6dc0951d84f3dedd4ce92bd69d633098c931dcd3b8dad24f3c073ff2a1e7b67eeb7d74e579f25b045ba854014a39eae0d0836d8cfc5f0afe5efed3bab4bf3b7dd5a38fbef9e863407b6b37c71b111befc9fbc8fd3edc0cca151e07c2c3f63e0570cd8e77bb31fe9195730c063339867b1797e7f4c34fb8f75c770f7df4034ffdd23b3d9cd9b9f0324ac0473b46ef1df8c0a3040a518d536b2a83c6e26af9633efd813fff6d0f5c3c7bec17f0fecbed57a6f10c47554c51604e345bb8c291539a1c06ee0592910664618ec16026c7704fe24f6fe28f3ce93e3883e6231fdffdbd8fc498c30d1727dc19e321e5682311cbac61b62d900f7f44aeea7894696c91523ba77026fc9b6fff8649138ef702a648ef7a36eeb0ca5a0e6c668e653db7787a81e7e1a03e514839ea69939b9e0d6e465b3ffc99f915135b3318cce418ee39ec277aeff3f19dd7dccb437bf5d7dffdc227fe78f2c8c3b4e53db65b9c4c4bc97331451467b2a9498ea59e03ca389b007e3ee309a0dff1cd6ff9faaf7dedb15f4344b705213041c033e7da45965893961f171a62293724d7e4b8aa71f905852b536f618ec16026c7708f6137d1072fa777ee85d74dda6bbff3e1ab9ffc34cea661d234103c05879e3b6338b8818619d21cdd08373a2ff1285936c0c496e1958fbe6232991cfb65ec044ecfcd5de498860d5992f6529dc2c3851ce12c00b3a78142480f06bad29ada9ac16026c770ef608eee77aec4ffee3371ff42c02f3ffbec2ffe12ee4d771e7939642bc2c29dbe85e058d8860d0b493a2d480527b2cab3087a4aad257fff7bfeccdb6ea7bc32cf0f01380148801192735be402b1de5a7ede79b67b21c7552c69cdf3ae43c0d0a40fbe887ba642603098c931dc2bb891e8873e3b9bed4c265fbe79e5c31fbafeb9cfa28ffeec2471a60b40caf6e0d490c8e84fe9bad1e046bec3d1cefe3ca6f9fc5bbfe10dcd710b39f9093e70354d315ef0c05d3f1cd7e4cfb20d92de53a612e45fc9f10d38c40683c7497ee2f75c36d29ac16026c7708fe08539fdec53addf3afbe8a5b0fb07bfffc2fff71bd4f830d9f29113585ab7076df7ac26a7fb5ba85f722c94e2b77fe39bbff6f5af3ef62b41723ffd7444c7c59c26ffe35ca24839901296b463e901642169e64fe7486abe033481c9e7f7e39767965b3318cce4184e3d2ecfe91d5f98ffd893e9d2969bbcb0fbe2473e3efdc2939333e7437386031c4a6313b3263a01b73bddbf70e1cc0ffe857febccced6f1770bb857ef50f0a1651d1b367881ed5c40e1427bfe06a7f17cfe2934c9a387597eb267f7c313bb46213018cce4184e377693fb91c7e7fff88bb3b73eb64dd07ef97defbdfea79f84ad9de027e4030fe2e4364c3a84a60ceccdd29973e7bee9eb5f7f3baf2712bdd0a61cd53488911543a191ce1c645d9bc07c02904c5e0ebf587a672bf2066bcf41381f4cf7c66030936338c59822fddef5f85b57f0a1eda6d9f1707376f983efdf7de6c970f11c33917324e11bef836838df2286f0d29f892962bcadb2caf5e83e78c5cf5d3ab3256346915a367a113c075b88fcc126a7613d37190a17222befec79b028c76030936338add84beeb75f8c7feb5337ce4de8d28367f6afb4d73efad1d9f3cf076a1ad720cb44cf738c935c93e8968d2f320af4faee9ffbce6f7edb5bde703bafeaeadc41eb259b1779eb30718125aa853980455d87781a1c39a4c413e19c9f842dff993d34e11b83c14c8ee194e2893dfa1b9f9acf53c807fcd645d8ffc2179e7de73bd3cdfdad071f6443e3b315498e623ed899b0760b55e8fc3bc9cd666f79e36bce9fdbb99d5715bcdbe6d13bdc5aea94782d8935e615f0a72cad4389c50fd80efafc5d08182ec1f64f7c21fec615b3390683991cc3e9c31cddef5f8f392cb8b8bd33996ca7abedcd3ffac3eb7ffc27304b70762bf9c40cb57ce8836701006e003de8d190683a9d9f7df523dff5afbee5365fd8f5882944f0399c69d8e0e8338334ddb0bc4edd52c42a08c02f0fb2813c0bb49bd2876f5847a8c16026c770cab097e87f7c7cfabf3e31ffaa6de7b64238df5cfdfd8f5cf9d06f350f5cd83a7fce254c3ca1a0f134e17c19b049015c9b59f30029e1cd9bd337bce1955ffb8657ddce0b7b614e1fba9a1e6842e358bb2d1b941c8205aee6640b38e1484b265343c3451c4a2228cafda03485b6f1e9772f63329b6330936397c0707a70658e3ffa85f92f7e091f6c248269b86ef2e2c7fee0da1f7dc2ef9c85ed0961e2f4954bc9b5886d3efb45bc797d98a384b6447116e3ed1df93948f995af641b261a0724d1932327eaa1e472e0a5351c2f734091c510a04c6c63e11b0adb3cd9c0eeb0e17e476397c0704a90cfeaf75ec17ff864fcba9db0edd36c7b27a474fd631fdb7be20910f2b11cf232032d1ff14e4f73aee18ba08d97820e29358c07838a0201a6446d3a73eefc8fffcdbff2e8c30f94679acfb08d716fcec4326285b4b015fcd696dbde71ebcb42e71b78b071971336d28423d68c79d26ecc4623999b23fd399a69e397be056e1f31c7498f6e9bd93198c931184e01fe7497feb72fc6379c43c094438ae6fc24dd68afbcef7df3a79ede7ee461285d3850c3f3f2a9ccc2d1531faa000103b5b24f10236e4de0dbbffa152f3ef9cc935f4a576373f92abe389becc7864d8758b21d3fbdb075f3818bfee11d7cedc3f4e0cbcf6c3f7011c6ea9fd72237e54cf86fd0a5c6336da125a925316b400c5e797554ad9018b0e4e86c43bbd1fdb3e7dbbff4aaadc68c8ec14c8ec1f0d2229fd1bf7fb5fdf25efbc6b39442423a938fe6d9f5ab371f7f225ebbbafdd863b4be60c3b645b43ba1f6854ad48393e0bfe9ab1e7bf8e2a30fbdf21bdff11b5b7beefcfe64cb4d389b1c1a170606253f76cc8f70dde18b6ef245ba00d347b7af7ecbcb6f7ef56bcf3cf0d8436ec282051fbd9e3e75d37dedb926e15c54a391f36965d4f52d68dadb1ef6a2ff7b9f6bfffd47270f4dcce618cce4180c2f1df271ff335f9affd8e7e6afda86c4c9b389bfb0337fe6e6d5f77fa0bdb1ebb677681cc12c9a2b4966b1d80c53a63904bab8b3f55d6ff9ea732f7beb97e0754f35e7ddab2f5d38ffc0b6837334b67223c35536044e20ba339fa3339ff8d223679f4c6fda7eeecf7e1dbeee7517a66907dd9cdc56e3b6c961e2b459e089a02a567d8bb228f7efe4dfb811c94c8ec14c8ec1f0926137d1cf7d69fef71f9f5eda0ee7829f276a9ad09c73973ff2d9e7dff36b34df6bce9f3bccb8011effc92c32fade6f7873f3f0b73f3e7903eeb873802f277ae5cee42c1df6a0f7d9aa38feb8b8e5d24ef8243ef6f13f71aff9c32baf7fed97df12cee4578739b2f1288da05e06c10d2cd69a002e5bd186639d3431be8ec14c8ec1f052211fc7bffe7cfaa1cfccbffe6c78a0f1336ea8f400139ab9fd2f7df1e6179fd83a7f366c6d1d90557312e08849c23ffbe6d79f7beced9fdb7a5373061e663567d7463a737667e7b8529e01dda5fc9f1d77051efae8e72f7dd5ee0b2fffeacbbf77f161250f249f98c750986874708c93df5643f49519bd72db6ebbc14c8ec1f052e0b337f11f3c397fe33968bc6fc56c701a6d126e7cf289dd4f7f02b61b6876b8cbd2a503e31b7ae4c299b77fddb73df5f077bd7066f2b2c0a682649c403647172f9cddbe8d31a06a31ce937bf58efb947bf8992fb86f3ef3f48dd76e3fb17596a90bc2863eb89c03927a034f93e4ffe06a7ad3396f2a9f86fb1616e71b5e4a7cf05afb85597c59d36c399f88528c7ecb37e7dd950f7ee0ea873f3cb970316c4f38797520befd758f7edbdb7ff013aff8eeedf3935778ce8ce9f01c449c84269b9cdb7f9d7be89e9de125a047cfba4fc6575fffc4b96fba7635e056e01a4ee4e9a307421572b2697acff3114de1d36026c76038612472ef7a367dea263e3c011e1ccd710cf9d0b804d3e7677b9fff7cbc72b5098da8cb1c1413fc9937bfb179d37ffcd4f62b5fbded76501ea59ef292727370675eadaadbf02cb6c71a17cf9ffde3cfbfea3b9e7ed617eb760b3342040d8509c0d333f7f8ae891018cce4180c278bcfeee25ffd93bd5f7fc13d34092c25c0551168ce9c4bd3d98d3ffcc378ed5afedc97e37cadd5f877bef19b5e78dd0fc60b675ece3d36fc9b50ce7fb610c2647321dc81459ead85af93aeb3b1bc40eee10bee0f5e7ccd5b3f7b758b9fe5164fa1eda1dec397a7f4f4d44c8ec14c8ec17082f8ca0c3f70a57ddd5977be71f3c47d9d9ed562c05f8034dfbbf6a10fc4cbcf850b171278140db5950ff2ef7ecbdb3fffaaefbb74ce9d27a65657bbd4e90790437ce8c10b5bb759c8e9a29c22e2c95fe617b495dca367dc27e32bbfe6d37b176e95fa93388779d2e79ae8802cb566309363309c1c9ed8a3ffe573ed19073b5ec39109ab957982896baf5ebdfa071f892f5e0d67cf46b73682f8b7bfe55b3ffdc8f75c3acbc934d595a9c18da3ae9eeffd85f3676e3fb146223d1049a869d47f33dbc3c7b6dc27f0d1377efaa63f28b74632b12de410ec42433ff1b9e9e37b16e818cce4180c2782dfbc12dff95cfaffd97b1320b9baac3cf09c7bef7b2fb7da55daf54bfffeebdfbae9bddd0bd0a6db6d036d18c260260633c68e318c6709878700db33e3c043139e8021ec616c161b63e3b0cd601b186ca0dd6e47c3df0bdd4d6fffbe2fda55fb92eb7befde7be69efb322bb3a42a55499555aa92eea792549595f9b67c79be7bb6ef4c243c3b93877bb2ffe0db5ce2527eb9d57afe85bc9d9288d06b66169367aed9c2479f78e2f5e94f4cd720313da9b535891967dff955c40206a5a4521e4e49f252be311591857b6278451f7bfb4b8b5bf582b2ab2484028cb2c0380181720202f600f399fd5797f3dfba9a4d2867800bb518cbfa0312d5986cbffefad2e73f2fa292aa8e9061d16849d7c866c29f3a7362f6d45f18af4262d72a0510ae931528722743a91d209619d85cf0d3c2a1323c9d9dfcc085b94d9e51bcd23a4727426c5a7bae1d382720504e40c06ef34d4a9f5b322f34f5b19832e34562d04231634d8288a175e962fd851784d5588a0d76a36a83a6fed4c4887ee08755991b65681dc760efdb42c699636c13a3551c06e9d056bf15068e56e12bb3273fb034b3f9b31cab7220712ed37fef958e0ef99c8040390101bb87554dbf3397fff46b9a2c948474c46029b7851aa78824ca74366d5fb968d3942b91b9208039c9e2baf281777dcbf735464ae3ddb9007d73de537086a22a9a07435b3b3a5219929fb335ebc406aaa3e2b573878fdbce464f10848e98b43bb1324625817968cf0908941310b07b78b66e7ffaf58e041383347e6e9ae2f166ca118594b1b4aaf1ecf3ed73e764b5e21e00a3a5b7f3b6270eedf0ddeffee08ba5fb8e4ab01bf9103ddaa16e27a814911a82b806f941a5c547e506a566ee90c6019a4965ead98eda80a1ac65353641568c4ad0085f5935e1960808941310b02b681a78ad4909c8726451f19419e0ac3f829fa9898984085b2fbed87ee34d4ccac5a01ae7c9886e688defd2478e4d9d9ff8d8640560e33c482f9d83dc588a88c70f4f4a399ca8da6cb62d8fc411d3a1085ec4636f5f5abeeee040f269b01b060235d8a52c944a0704ca0908d81d7c71d9fce2b9ec70cc23327d54cc195cc9a56858d448b3384debd2f9cedc1c08e5fc13cb15d34c23d2722d32223cf9c87751954ba26903b6c101db5ef83954ad2443511e40ee03ddf6b32d38529c797374daa683a4e58e44f2dc52e7d639b6b568e8ffbd9485d05a40a09c8080e123b5f0c545b360f29234d2995c233841437ec48cf374a2c8e6d4be78b1b3304f6058e086e7abb173c3333b999fec871e79f8e9f8fe29b9594e85d605bd588400871255ebf2c8b6b9c13db146305baa3d78be35485a9e047d46874c09ad26f9e51598cf02e70404ca0908182a1672fae4ebe9efcc748e46c2586190ac246e8b644bac9d7723e3c4ae3697befe75bb548f2b5567949d7196423837c7584741102572fcf49f2e5501ed56fe48e1e2201c9a1c2b25d1508e5f134ff401d8aec7e49e3b15c3cb8b474e9b3eeb3882d5c239723cd70dddc94b6911ea3a944a0704ca0908181e72822f2feb5f3a9f9524545457e9c527f78b7f58064d9681daadc6d35fcb571644b5e6ef49e61a9e31e3fbfd3ff6f8d9d7edd149b145d9d8dad01a261d8421e97932e5146a3adbaf7d4b2cb41379e6e2ca3587a7d8fb527e5cb64d042461844140a09c808021e2f9baf9e4ebd943558ca5c88a5a662e1960a6f19a9bc2adf74940b6badab97451b79b18c59c5e47630aa91baf24a08e7e5b5cdbcac529ca073c95a11049140deb14c8f7d300c0f6d3fd5cbd568217e64ede9b3707b6c34272056f49b2caf97f59b8410202e504040c0996e04f56cdd5d44488927ac5cec815033cc799b56cd0718c5eceda172ee4f554006b3efb2e9c9e8d27f3f8e9a317edf4086e216146584c2a006b6ca4d4e848f9f69e7b626025898f2de8c183cc405bd28e6b132946257d665e5f4e433a2720504e40c08e9113fcdc5bd93f784b9f4aa4170328625dfc6d571b000d2bd2442abd72b5f5f2cbd2908c92752d9e7ec4f363f7beb31da3baa16546eab5e400c7e4a6c6ab7134dc71b75d099d9ba05b8091122ccf97936236297fd2ace0009de0bf02ca02ffe1b9ce375775b8550202e50404ec142fd6e997dee2a6c892549e697c608c25fc9d3322fc23d6518e48a073e142e3b9673102594e8426c1bff0cd38440f1c1ebb123d3e9a6c3501ad5b3880454368a59c0c2b91e38eb9637a599c9b7448aa0017b3d1b737e6a108f8595226767e9d175c10d633f06ad0bd0908941310b0435c4de953f3e658594e284aad86ae3600f7a5609f2278b51fc590cfcd36de7c9355068a1a339e3bdd1dc1f9f87d0f2f44d5d296855d44bd6a358a4b49b55c1a9aaf66612ee3eea15b6030c79da682d115d9654554863508386c483ead55929484cf5f40a09c80801de25cdbfcca858e0625855bd3e7be84cc675a3ceff8564d14c893366d1bf2e545dd68728e83db25a1f0553c89a09c3c2bb65b07c07c632d2671349431a00524fa2937b7f45aeed19170b93d314d29f82974566af2757a1c0a64b11f4839d816101028272060072ece2b4d9a543682cc3387ec5202aff18955d3bcaf2354e28cefeab94b9d85d9b81429ef0219af83a3b83c1a472b510eb5921c1059bb11bacf19a996867d42b74e0a09c03254a773cd1a6b56232a893eb4c6b51538aec43f39af9fab07d2090894131070abf8eaaaf9e9d7f38a54de3fe18964e467a6157974ae2ef342cfec0221e4afbf9ecfcf41b58c28d15773b1b03483de75e6d87c3e5692dbdd2ff39935b56a6958ead10e6d4b29ddfa87c49db77bf958bbe3b6e03855f8cbe018875b8c2456229c4dcd7f9c0dfa9e01817202026e09af34ec57966d240ae133413d1fc1db595f13c03f198ead2560a56d9fbf90cf2f8ab864b92fd208a2eebc35a2c989132b5129dabe41f69b2e27c9104f27e59654da0983c9044ab369cc25111c51b4b436568eb357eefbdfb894a7418520e0ae810a97206058b8d0b1ffeb6be933ab74ba4419199e23ed3d9bee444d9ed3096c74c157a549c743a27ee15c3a371f8d8d1bc9bd3b027a92640095ea714c80b617d72ad4a3a70e8d0f319153ec58eeacf8ada4e04afb50c5e44bace0539c9def3ee2f90dd2b93e91d4395102418920207839010137e3103cb5482fb6cca8b2864539a51f76833e98464658ebbb3c39b2e6cb04d00036dbd9ecd5bc51174a2a5f3f0dc57c3584e9d1d2627cbabacda81a97245821707cb43a5ccbbdb26319b498dc462a274c5a840b7df11b0f9d435eed716982400892d201817202026e0e6fb4ccfffe4a6344e0a8f2da9d0006a49f3d607c79348791b8a4cc8793a2a86cdbf9d25b6fda3c57a5d2f5623263d5f20a54e39b9070c6c2d719ee4975bb5677f601eb4074286d7bed1e618dbb069ad359cec7435d523919f98dd5303b2720504e40c0b6915978be611caf4820dfeac86ad1d813a2818280a090dbe4043aaac8b6d2f6f98ba873956cc02ca552d9380760fb96d8d85aa554ad0c3391c3829ed0abedde016999084c872f8277c5040a613de37063122b97da7f71213381730202e504046c137fb2627eee0d7dbc1449c1f9f6629027130649249f5db16bbd39deb8b2154ecdc50bd46e83dc207c164995a3b809536f6d1ca9580d3337d932a4b95c4dec3058c7d5e269c4d372807c5e4b7aee05be4e2422412d63b250411010282720605b0e06c15757ec5c06b1735f2c46c02b79e3bb6fba1e02fad48e6ff2f4e503282a60d256ebb5574d27c378834e9a13539376db5698ebdf94a85686dc91a3b0371061672e8892d0a69890eb072c71739224e5f8c6908d1d2193f86a5d9cef04372720504e40c0964b7882579afadfcf9ad1a8a84fe3f69b1c417b31356effe4e137c4ae8228343b85049431e8b4ddbc7499b49671727dba64727cbc9852b335df7050cdc6715c1b36e560b75e7b878cc375149a45b38d45aef8e6da712e1fc8253a3f4ee54019983c94100404ca0908d81275433ffa6cbb6df578cc26d5fa2a35ae4c33ebd597b956abb8d958798052b0cd866e370d57376fb0d94e476f8b708aae4f4b9227efc8219e973bfaa6e104d4ce4be024390ef6d50d5ca5e7885472891d6aa66872042c0f45f45a5b7702eb0404ca0908b831e652ba9aa1d524d1f2521e159b513f691abc8065d1f3c80e8ee5d16c1c5e12225fd66661d6fdca3ad767a322018ebfdd84b1a7e9a9b12176e41494339b92eff619c2a622cbead14533acbb08cecd11a4fcd82077cd6c09e99f5ec897f3703705dcf908ada001b78e0b1d7a6ad18e455821697d9bbe5bb31bb77ef7791cea9bdca2d2d877e538ca89543e379b5e9901422984cf985ccb3a763bd12c5f77eda0941aad5586db9163bdce0df576b4c3e09ae4889a63dcc81fb4e14a3ed601f24d48c41144ee5d0a4e4e40f07202026e80d79ae693afb712012ae2aa5fc175c01ab9b498bb1dd9b361894ed5631eaf21cd8e90c89696d3b94570842395d8b04c605bce4531d01a2ae5521cc9e19e9a9f2ae71d2d1aced690735abe2fc9f939c25d264d9001e9086424a2d7dbf60bcb61307540a09c80804d6ce85797ed534bf978cc0aff06bae33c8b31d2e4d7ece41b74a81809eaa7ae819fd02605e8c5f9cefc0c07e2a4d8d0a8574a11f4d4d5a8d719437dcf097a71375cfff0f03e180843a21bef3349db5307e5620a5b8ccc61b953f4aea1d516fed9459d074727e04e4708ac05dc12e510fce5679b2b061ead451dd3e51582f5669aadb659d356f38f08e7d9b807f4eaaaa92f7323246c3c30a6535f95938573b0b17f03c5486befe54c8e8dc0b035ca32db9d9ebdf3a89ae97eceba63e4d64ea0ef4e014588a34ac920b41610bc9c8080ebd1b27438813125327b6333d995f4f453d9ba3f6102bad1d44babece2b0c4d80691b5738b2b6b1d98d7fe3f487ccc6454ad94869cc8016818c06e27d14eb7e67c971ae59b5fa0828bc9b7ec843b2b20504e40c07a5cecd8bff372ba9289239133945b155a71044914855f642c4b5b2ac897975ab3f3cec40ab9f194e75467fd889befc5ec37961636da0fde713f4e8cd5e268f8cefaaa1e1e8169e069739b5f1e87710973a9fee610f71a10102827e04e01febbabacd122856459b51b3fd5cfcc213f374d0acee5e8156b9a4d09563191e0866ed26abd1e09db63185fe1b59e80d894bbdf0b39393e32c4996c6b9e87ec46f56867126bfc7a473754dac27f29099cd5f4dbb3791e946f0202e504040c2effbfbe4a672a7634b2b94f806fcbf2766f374734a4979ab6934aa58488362b4d4bb36cccaea66b2502dd4d147bebfeccb13aae3f18fe3d6c088ab1693baf2170845a3169bd1c6d41729e917f67d6344ce09c80403901013dfcf64cfe434f37134915e553295bcdccec0ec1249f1391927293cecfeb4e9314fabec88dcbcd66eaed69b8dcd1bd6de09a8b83bd9c7ed15f4ac3ed002d9011155a005ca5e09b8c6e7d530835d19e95f196ce500c58dba498222020504ec05d8a310563120dc9420c66ab1b888ad16445cfa6f36c9c73d29ebd9ab55b102beb071d6cf8326d6969f9bcd16b3342bb6508fde7fb36cab1914ab9940cfd1c0dab27142ece4e43768e358f97566664791bfe107991a0f0910c08941310e0e7c7fce6e5eccbcbfa9e2a7733722e860a57e306284a8cbddc8dfb86933f203b4d953bff4569b42870b34c4c73f1ca48aeb528068bf6f59cb9a5857507f8e14a39d98dba62ec1731d30edb7e4c06eda322dbea83e6c8b7044208f8c66a189d1310282720c01be2bffb6afbd72feb2a970138c3cf1203db50f6774fd0de6c0b165c234bed26a49900a61ff262fe1bbeece98b57a7c572dbf60cbfe7985e1ac7bdccc649345aabeccaa7027b250a3b83db4242d02897b7f3cc8a72ae55fe3fbeb03a9b06d20908941370d7e34a6aa7137528169a53dcb44da34cfe994c30fe7633d6341796b2565b2816ef6775824d2867aedeb6663933706dcd5837c066a570db90433f4df2fe5cbf7000e196733919c218b4e7a368eb9df2243be34e6631e7eb1c6eb68040390177355e699a1f7daed5d1785881410d4200295644de3aeae4333e241cb3b8172199acd1b49ab7607b999e4d0df1d28b3a5fdb0a15d5033daac3b1910aee42582db370a5c3d34c8b88de2dcbacb917362c1c2d2dcd88781b44475cf38d5155c661426840a09c80bb1d11e2375752e2ac043b2d960c7fe3fea7ad0da44fe678dd35cf1052f9f408cf61462b6ee443bc74eed5a9acd996be2d67cdd561cee142b589b1da6e78396b9481dd5ddde2eb2d8268031edd5e77274a10ca5dccc8402c82ee4d40a09c80bb18e7daf4e97973a6129794f09371a4a70c4b0342d137221caf1fcd6e83e02a827c6e891a2d54ac7683374ccebf3ebb7c9c5e5a4dbb4508bdce1c3f7fc71aa576856f9cc1975828b8f5e668dfd2763a00c7c4f2d3a313db73892c4f6c435189f1a5a669841a8280403901772dfefd4cfe932fe7b1484a1473c5008b09783d1a4b5b263a8a42ea82307804a6b57a66c1b49a8e7208b6ee43999b79ae9cf644a5bb0916a61dc59da4bb72f76aa29ca82fba794bf203eec81c534e4db59adb55cef545e48ec025fdf2c57c290b9413102827e0ae84337e4762984ec838b78657dfda0a9eeee9472baf4d2db801e71493a989034d82a7325b9b5b30dc6369b78e5a7df6f9374ea8a5067545417953968bdc4e1c39247787729a8665a4c59a2e36dd4a2a271350eee4ab87b7eb87f1a4509f1f434f3c618a4140a09c80bb946f5e69d95fbf948e2bed2ca191a94fab389e31ce32a250b465c709f79cb01915808eb0b4a09c3b6b387cc58ff8dfdee0e58e5db2ab9f4d1bec105137b4c67fe3785794fea998078a5d1569bc25c91b774596727874fcea73d1e8365f82bdfa88aa94979bd9538b5908ad0504ca09b8eb905af8d1e7daf3b91a9591e4809664a7c5f91c169184d7abd9ba7c80d5a33967239c35d7c670633ffb3d5088a46d3900f43f7de3e9537479c5f607f2d42a49651744070aac6aea95c5e1ad45d59c8b53eae8b7eeadde0cd7f98176004ad816c1bfbe9c87128280403901771de6335a48797eb244168d269045efbf338886db417dd27b1bf6945d9908a903f9cca2d0562855f80ec27b3f377eb571bb5cfc52abcecfe67907424c4e8cee52540d7aeda6d41d8f70d32e8e23d4f90cce56672e6d43e466c0bbf2d5153cad9a26222551cd85e05a40a09c80bb0a2b397d76415724544596d9cc705915d727b3d3a28c45b6ff2cf3bf0d83caa65c4968e5766ec168c76051d7ba136da30c999e7ae1b987cdb94566392ba5a89477cbc529026b6bbaa1db6e78edd115401361a2d37cebbef2cdedd84b2b08efe95404b6347d6d25ccce090894137037e1cdb6fde9573b319852642c376e7a5d65ae55e3701afb006e598edba01c1652133e8e665058af28c6d50476bbc123aa77f2e75ffc5d6852ee2bbb8630aa7313340d5748f8d208c2ee10d39b210e01b34d78e09e954bea2629874fc9684f6f3980462c87ee9c80403901770f3a969eaddb58442484e54903b2b7ecb7dee6a3ff7230db31a7b6a8a806619504bc49d100ae58c05767e61fcebe34dfa4b191721247bb71ca858b035d2d525c1bbcb04dd6910873061eb533df3c347af33b475f314e464045dadce8a716a869c26d18102827e0eec09797cd3f782b9d88ade06266d9ebbf59ebc7471868d0bc9129a5be2aa7ffe91616ef5d7fe3b73eff07a7eb6f35e338de1dd10177640ad7f8860b96fb5cb48d0fd22a42a999ad3ea11a70f387e7fb4e25ebec602c787ac2af5eceda81720202e504dc2578b5498bb995c2886d1add5d0582d6b659d717cffdfe988e1b3b9f63b3899793d175dd9fb49da3032d6065151e3c337f41556ee9fcc837e528b468484825c7a27c314ca50e0894137037c0127c6a268ff74736c10b7f6296a7ed3ccbe3eadffc53579b2d4877e1ce7506fe62c75a1f22ebb1408f526ec837ee6374a903ef983ef7c79313b7788e5c748e5a5812ac7b132196003fbfa8436c2d20504ec01d8eccc2af5e346fe578b48c4074fb6b75b90d88cdb21156ebf6e83d87fef2d92b334dd0c366c481444e1109b4b88d40200a9849e16d72e62ba70eefc0c1129a39af03c20b3a188324fe602e17104aa50302e504dcd1681afa7bafb556b5ae70afa7da0f872459e7066ca3f3d7ffdbef9c9c1879f29dc7feea3de7e753c8c530236cb657f15d4cbe2ef4007a3f6fecdf080117323823665e395bd9093914d5180aa432c2918e0211a9e8624a0ba13b2720504ec09d8d8ea59325a808d28625f56fff0171880bb53690e61f78c7d9a209f49d1fbae7074f5d596842470e8d7504f48a1c7a3ce0bf36de3e3b4302aee4f0889dbdf44879dbf29d9b928edbbb62093ab202232994a0736d7abe11d23901817202ee6817e7330b06509623c5bd9f70fb93096e9d9fe65a803874e6d88923fd64c9fb3f70ecbfbbefe2c20a775f0ea589c56b0de09a86340d94e55dffb1d1122ea7f0105d39ff587915a3617c12d192e6740e6bd019b27955800a776440a09c803b182f37ecfff6525b90a990b164f5edbe410aa3df6877541c7ddbfb1e2baf97567bfcfd27ffce7bafa4f5ce9c851d4e0875de4443f7a88b07fcf87270dc986f1cc9cd37e1ddb5f3af9c1d59c521f0824f1aa1c658528c648d637a1e1021c2b8b680403901772c520bdf5c35cebdf1e3d3a41f207dfb5d1ceec93136cf3a7ff6c3efb8fe09c71e3ef6773f563fd65eb89c73a5f22d5b684bb0e08b928bce4feae673d695ab15856c3304ba9dbdede4b92f9e9eeee0b03a84dcae8de82a2b08a4c8796e65692fa53674e70404ca09b833f19565fabfcfe5474bc22db08d1558d4270f83387ace0375152c7be3d6e81aa3bee18b39bb81dff99177bffbc907373c9edad1e9bff97de5ef197d6ba5050b708b3d3bee6c1516329e1b1f957b420be14a1beea3ab871f59fef2e4e1215e79164b25ce5859b4c40aaaee2db0a3827ef6f5fc8f16433a2720504ec09d88afaee8858c4aa00477de73b5eece0987fcac69ff87c7d00872ee84f523c9c82feab72e43b6d6a69939fbc099271e39b3d973b05cf9d31f3ff393efbdf4603e773585959b1f3ae0d56ed654a4bbde4e3127db3dda16702985b8b5f2ee63e75f7864f4a57864b8571ef99328adbb447c0cee40b4db7149a8558d5f5ed281730202e504dc697036371236566cdfbc1c9a37db76c79135ce8708f2f3a879dc8e553c978de7211435c6dcfeb2d54d1a416ec06eadac3c7dff89bff6bd63ffd3a317efd18b736df678b69f8b4a2db54c776c367b3bd89dd1b622e06a074aabcbef9d38973c9a7e617adac2aee5576ccff7b345091b24823ebd90a736944a07dc21081531015d5c68dbdf9dd16312fda29a57facc0a56e2708ad61cf1389a5156291696f68e048fa6a61bbf8635445b697bec50ed83ef3abbadfdc4f1034f9e7ce091eccd972ffff11bf87c7d6a41c549026584886eb4bbdc768bd488d3f8d00168e51065701267c78eb7e6c6cb9f538777efe2532f79e49d3e3f77158d963c9fb42a8482504410102827e00e42d3c06f5ed5cb064795ec4e1960f32700761ad4e9a9791269138dc4a5e9498c236b2d750542b71293216c371aa71e3cf9eeb73d74137b8de37b9f387eef6366f5eac2b9abf91fbf24e660bc4ee55c0145cc3d727da1813b8e5582555fa72c53ac427a14eb6313ed74122f96cb2fe261c25d36fabe420e79568f1f9ac3c7c1bb8c24696b67533a510eac13102827e04ec1624ebff496194920113c983277fe87e1a897e5c8dacea2afe81b2aad71db8aca00872640486b3886c532365b18529ec9066dfdc3dffbd1a9899b4f9f08397afcf013c7e189473b69ab73f5cadcc20a9e5b94cba6dc4e31d3dddd3b0b1f493c14518c69b59cd50ee9abb5d2421c3f2f0ff94a69e19fb6bb7563d8abb0f0dce37b50adf4e91c6a117da36e8e955508820704ca09b863ee038a2544202ce81cacb44a58f78753fc3b9c8746d02d1fe089d27efe98231f346edb60c4a6bdfd059c33a48d89466b1f78d7633baa9d2b959252e9f4e4f8698077f0ec1ea25c9b4eeabd0ae0ba06894fb5d53f7f518ec7a3eea4b9508f6b1d0c9751204b6eee76b1385a4ee35847c66414ebeec8dcb2afe3abb6d57f58b07f6e1a42742d20504ec09d004705af34a92a73c9290d67e984753698d9c00f9edeb1a9f34ad0cc6660d9db613d4eda5aa3d9bd2acbf334cb9f7cfcc1b73d7a7a78d69d636a984895f4bb4a67337a655147525967e01587f3ac35ee280d1f9f59f340760fc42a3e8e09d9a7b458ccc093ee7295805a40cfaee8992c3a9604ce0908941370f0f1f4aafdf197b2b2143ebc8392645165e6bb6876cc3785a7e36b8d9d83e1f651199b30e58a5bcefb04c98db6cf529720aa312ab1bb51a5ab1dfa5797b258f6334fbe620f59cf999ccf0766970fa018b18a826bfbfca86deb89910778ebdc2ca679c7240032dcab01071d213e1c0057337d25cd052a291ded48c9ee8df183a3d15710ecd8afe058165a2139b226313932a5aa65d07931926033d6f18134d299febe8fbf6f97264faf613286b224edd8c5197ce31806fde06d29bae37076dfbda0626e2a37e638def1dd393917f911ab688fc5d832a14e3a20504ec01d8108654508e77618676fc17d59b7beef0ecac11d26727af32eb9108bab1138701447ac6c600b36dbf40ee4c05a969b76fb83ef7b5b14edae3b9e72b48fabd8d0d3a0e74177010c27533897b3eb1f13561b9085de8daf9196ec5771370ed958a150c91797b0aec3ad1a102827e080e37767f5a7e6f5d1320adf14e283608522007639622796b4e8ea17e8b94c734e0795d11c430294bef1d1d95563d9d08b1e4b09cb5da3c26aebfc8eeac4f8bd270eeff645f8a305733535153e4ee1a53c7d5a057da8cb47ba76dfc9b17e2feedc793010f5fa677d3f2a1fceefcda69682a313102827e020c359fa4fcde5bf79354bc4f564312463caf977bf887714969240553d75241aab729d745140cd7124c9b5053c8b99bb4f598f00a9956651a2befdc36f1b1b29efea45d004afb74c6e8bf9d3b711b4ee5beafe2f0862a099dc5c4c83f04d40a09c80838cbaa6975b765262be6bd68cdd19369bde73629681d2e484ac948b9230cf3a88bd22034f82c5bf5693914afcb5bff81d2876fb2ea52f2f9b08717fcaca28d61b85f3a9e3c5e0e50404ca0938b07006ecf34ba6a1a1aa70f776e1fc16e508c468eb8847393fc6b93792a8a809e6001237e9a061554bb23e86250c29767e8c7b269523b5dbbe87f6113444dab76f9363e0aa4000089c13102827e0a06229a79f78a995592acbddb26585489aaf0493ce59313a77775c7cf488ac8d90d6c4aa6b9cbc41cbc5051685f5526ccafd2c545a4fbfe5b1073ff8eec777dba07f6dc5b42cd524eecfb855e1098e29f887e7b237da21b61670b011fa72ee5eb48d230311ed7e57bb610f067c8edc281449a5a664c2ba3aded9111c76b339e52c5023b856ce918fe517d023f71d4be268e5ca7cbad28a24b69acd2849e24a858617027326fcf317b3f774585e46fa3c52c9e4ca42a752757e966eb5609b613d62e13651ab5803b3323e2f4ac3bd868eb1738b4d1dfc9c8040390107130b198dc9ed0c0f1882afc3757096b50db0ace4912951ae406ad14b3bfb41068e7b7a961d5902a0d36a8d1daefdb98ff018d0dff8437ac19e1c15bd82ed6133e4a58ead1b5f2ed63f5ec793da1120266abb0e203b7440ed742ec38f1cbd7afe7469b817d0d1616a6121251809776e40a09c808386b98c3ebda015b71dee7ada9c4db92f11a0dc5015e53d351c1fc59cbbfaa1ab278391509a8cef3e958ea19acdd643f71d7fd7130fba271c1dcd5e4c45b46bbe98dbb032d7b6a47299d8cd9f275613198354c3bfa089a4d9b67d6a517e680a5410be0908941370b0f042c3fcdcb9f4e14a2c6817fbdac987d4bc60a5ffd1b7f3cb0c848aa01471f30b770171f38be12cbebb1ddd334c96a790ea4f7ce403e3a335003fd68d76eb4ed500edbc98420d43e97b8968572295ac8500f653f3d98fdf1fab207c13706011ca07ee522c6656d95d6f722cc8c6b782b2788bf3a778246807d4582d9a1e27246b8a4198ee37cee9e1aa31e31ee49a6a7cf7db1faa554bbdcdec1a2912d09ac8e83e0671658570be8ec490ce0908941370d05012b2cc329e66f77755e8b499eea451ae1a8078fa507cf4281b4ff773b7f617d16b99e579966a7bdfc3f77eeb7b1fdd0b535e4c9edef7a12a4b90f8c2c2a53c504e40a09c800305f2aa625208017bb166eeea96b1d200f23c500df1e8443c314d5eec86b543b91d94f56fdcef4daed3d43c74fac4c468752f2e05c1811844e3687b445166e0df5d3541852020504ec041c20b0dfd0b6fb527e23dd148b6e4153c25abd9f8aa686b28aa56a3915ace0aa2467575cd585ecc7099b27b00bffd7d8f191b2ceb20358a12d7f2c99f7a335dc8c395090894137040e0d6c8bf3ba3af6654e5619dbbeee4a0bfc97c2534df6f3c1ac07d3b71481e3aa4fc34cc423f9438918f2864ae0d74f2c71fbea75c8a07b6b13b6c08d07474e8f576f6bf66a625e9ae5084f94aa09c804039010766bd0cf45b3394f9040bd9dddf9b10c49372b8f3c5310a71602daf9c1caf9e3a69536d1de548e9071cf87bd1519376dc63dff1d8bd7b70290c71b1381c8c11cf39895400d640280c55d2010715a148faae4366a126a0c31a9bd8ed60dc75daf1132ebd69e7ba6843c918940e1db2498226eb49ba704e27ed64e538f9b11ff9c4f4e4d85e2cb87c6d744e40fb9e75d0d7990b5012a2a609777140f072020e0234c11f2e5a6df351619178a6c06e9b4adf7b63b8548175d4bcb144ccdb402aa99c3a29a388527634ace79c7627ad542a1ffdf03ba5dca33bf340cca0f1c1c9186d24d08ec4e2a9253b9385d85a40a09c807d8fb98cfee7679b398872c44a667b62b7bc87439ccdf1613681eedb368838a91e3f21546c33cd3343d1d1a1d5489af22c4df7e66aa4963a76f351d8fb068598b4bb4c4a6045c0fff566e71b2bc1d309089413b0efd131949224ae1ff3497ddc13cb457ebc26083f798cfff278b6248a0f1f8138b2262fd6f112d1365bef79db038f9f3db3375723e7205fd78dd8e7203e52e39859f90b18bc9c80403901070057537b28513cc0867cfa642fe24a456fbff005d9d6fa41d7a8ad2a95e2d3f78824b17946e01d2067f91be9fd278f9f3e7e78cf2e483109940ec64715ad1f995a1698c8f0c90d089413b0bf319bd14fbd9927c24a64f1661603a03d59dfb3e00d8f2af0b42238ce966571ad3af2d083322ad94ece75ca60f2348f26273efcdec7f7ec82d041a11b86629535325ef79443a2c1cd09089413b0bfdf6cf4736b50fbff04700be65e182eefd8909f38ed6b08acd67906254c8e1ec55acd70b70e92b68d46e7cc7dc7defb2d0fedd905c141ead9ef30853a9121aa29fa27173acfd583f24d40a09c807d8ce7eb76be634bc8e30a58bb995b30f7c2cb71bc46ddae5316542b46851ac313d96a278f9726c66c9e5b6b73aea44bc9ee51625c1377c50ac4832178537c5a515a666da909db419d2120504ec07ec64b4d3d9be5b1f37580fbd8d974ed91b5a5816f9cb3231cd9d81c8cb6d57b4e958e4cebb4e356ef955af9bfffe1ef3a3c357ecd8b252b160c1fa9a5c59c0ece07a08802b25282e24503cea4d6043f2720504ec0fe84334f250115c9011a128e6bd41eb9385c175774f87368cd8f4b60d168261cb2d1a93372f2906db77dd99af8331f7e67a59c5ccb0d5892bb3181060fd2ddcfe273a4b9f6cfda9aa2a685bff552ab11382720504ec0fec4f30df3ab17ed4894381f836b838947a259b127ac8385d01a76d7ea1cd6039be7ee87cabd0f940e4ddb762735ba93e7a3d50de6372f632dda9de36235515fb87d403eaab290dc36a80cfb3a26e8de0404ca09d8c76fb625c143a749b825335b5b0b7b53f744453323138d2f85f6323b96bb4c4a47abe5a3c77226bff4ed67ef9f1a1fdde8e5bbe28e350de5b608ac1d10d38dc5446fe31c9d0a6249c967eb36b83901817202f61d34c1f9b635404a1444c3b3690025ed7e5f8e271bc7708514652127cd3f71d19cb5a4a0343d2d2726b4367fe387bf73403d7ac0d2ee822a8ddb60877b81b07760fb9e6ec8938df01e229142e79f46bf78c10651e980403901fb0e6e45ff93af64758389120604f92650dcbb1b4078cf867abcc36970ceeb1893b7414d4f2767ee072bef3b7968cfecbfbb020d0d58f83707c5c9b1cecdf145e6c22b6f735a47ebe0e60404ca09d8772088841f8f466ea5ac514ae61d9634db0b53c98d3785a3c2fa6a1c6663478bd94553aae1c891f2634f3c78eae8dbcedeb7c717a548e51c08a3ed8f552aa3d0cbadc58e7fd07c7d257fa319dc9c80838430bce0ce872578a66e23e7412836f8897516df997e0568fc6034b107eb7cd1251ec3ad40a25bb8e656e998667664fcf0938f7ff2e30f972ba5bde661f0b50d078275fc611a7eeba43f5c77196507a81db23901c1cb09d857d004bf762157deee5b161e70065f739886cdd89e05b27c0ac2f6aac3bc7b458e84acb5424e1c3bfac003f7ec655625634bedf5abe9a028de58ff4e5a5f72ce97cf2d192695bc98da34b04e40a09c80fd838ca065995b62f62cd0a08faab18634893d7171bc7cb4a5ee2836ec2911f88c12a2d6595c4ec62746f7d2bb6998a276c05d0f3a18b91c2a0af77c68d21fb3b41823fca3f39dd9a02a1d10282760ffe0e586fe7a3dd70889b4922c8f2d40c73ed2718e15b77f819ca55952969323e5bddc695317d4d3ab2038009000515180213c81bb3714c84a7b804e21202050ce5de1e59064751b61aca719ae5416880285dd0f5d90a4a184b1127b6a37457766c1ae7482e2ae5c55f26d39d652ea4bff14c9ac22f5e5547c752504d60202e504ec1bd4a450cc39d6ebccf032d98f12303edc75fb17c889c4bac1857cefeca6db53cb706ec917350cd947402f63ba1b47ed6b3dc8bd87169d9363239202a2b685736d13b23901817202f60b1673b6834a58df4bc89302d0189f5b51fbe106a845309fc3efcdda3db39b86b80fb42bc4337420d4e35d11e8f1093029b0c47db4a4d1a24115097c6a310d377940a09c807d81f36dfac292a9a195003908e3d5007c63a6231fb91fdeff18456ae067df4cf74ca4d212c8815139c3ddabe3b24e327cca91fcd515a94312c8938eb45b3b08811a9509377a40a09c80fd802fadd85f3edf29094de8ec9412241df95805c4e1991cf7c16c490b4640a690f6ac919e8af01750b7411587bcf5dd18092188873890c80d68be62c2b93b8925aa0abd94d28b8d50b416102827e076c319d485d428679e44497059744e483c2ca75772bb1f9a529cb18c1524c2bedada23bb89d8eb02ed5ea4a15ff6e16f530333b3e022e942c2a1d8058d08aca7f0ffcd04e59b80403901b79d72083e339f45dcb8ce130b103577c238d2f10a005e686d3ff0a2e343e776d1a7e6f22ba9ddfddd711f28f6d907800e80b526440bca4f9ba06e672db8d32021d0b9abffe672d6089c13102827e0f642739193704c636d463c03540a161e30beef1e699fdc001612c218e43fbb94bfb4fb8e4e4e7025759762ad586dc883a871571c273f4bd5226b0409cddd54a2e8a822e31847dab272ef75a09c800380a0b17627e39bab763e8711e52552107a63402ded2f95175f89c533c7a8b4fb35db830c43d0fb81867b3eb80bd7c8b2fa36af14a4a7695f72e7c7fd14a5ee0764084340f07202ee5cd4b5c92dc93d52b5b97512d06eb52e605cc9ab1d6ae85dbee3d1e7b2bcb85a8f7e0e8a7fb0c171bad5431985735abfbea243774e40a09c80db89238948246abbdf1551c877a8d6a4f8e46bfa738bbb5bf19b594aa947364589341d6cff40b2e20dfde2f92c0f9413102827e0362e89e7724ee728b1cfc3fc3c794c014a344b463fdf30eddd249d9671ac53f87d0206636b0716ac07eea7e90449e980403901b70d754d3ffe42bb99db8adcdf36b5984dcdc98a7c22d2bf3363bfb4b45ba6b3f06a6451a7b656a976900d35712f2d4ac0e71ae6c530ae2d20504ec0ed42db50ea4564f6fb229ec9c65a2ea88b2764d434f6afbfd85ed9b520511152a335aa41b81384989152137239018172026e1fca12cb11ee92acf130ada59fa9cca2d61c1f8aa4c094d2171abb125cebf10df54bbce8607b39c51908c0f1485ce8d85690be09089413705b309fb18713e1feb7a845fa5e6ab01af29ab4d391f8ec92bdd4d90d5d003f5613d6987817046f6e0b6dbb158650ffe85c7e210d9c1310282760cfd136f08525920425b1df9beb8b89a1e8532c045a822e81fae573fa855dd00d734ec0424e45077ff7bae0c17773a07b1ef141afbd0b0894137050df5784df9fcb7cf7c97eb742085270a7aaf18dc9258b0a05a776d42e1c38ad55a8511159e36aaf836ea8c9bfdd65692fa7f4c5a590d009089413b0e7a86bfb7acb0a3a088135ea2af2734f3d21115a84932578a66e9fa90f394ca41071e082dc210e8e8744686afab50b3adcfc01817202f61a173bf4669b17bfd10158c13b9621af30ea2827f712d7725c899f7f33fdd937d2e1ced0496d3788d7259cbe00c181870518892002b39485db3f20504ec0dec2d9d65169916586f7ff3dc892959063f1bdfb4192ccac7006f45c271ba25aa5dbd0aab6860af57f06ee9608e7ede06d81d548b4c87e79250ff77f40a09c803d85262b84a17da6dfb9898fc3f65248772b9a22d5a2d158d4238a9d9fe7eb66585504ce61aa1b5853bfc4ae837587b83968f8bd76d7f13fce07e19b804039017b8baa106014f976977dcf397e6e8f282a1d048bf43bee81bc8ad831a51f7d2e1fe220182c3c1b5f2fd0edcdb953ccb3559848916bf1dc2a06e59b804039017b87dcc2e514ca2c5bb6afef3c5104b638bd626db74c9abd11f47afc825021ae122ee73494e89a58538dc635b25bf3b30ebe97634d09495b78a569b3207c1310282760cff062937ee68d7625d2828dfafe0d1b75635abe488d7d1c6619473f5ab003a27270cbf6ec48ac9fab9ba561c48a7c2542778633f61a72ee1877c0f986606ca2ec6442b35998d71610282760af50929448041381f62ec4be84f51c600beae19a35db4deb709ccd7165048e81c0289b8b61a45bdc961b868ac85da178d3551f40803b62b819619ca18c054c47f0834f377fe942fa6acb066f2720504ec0ae634462490a8d56087910de62c7020a041119b02cb3e6f8c042861c61530693926089d2959da574dc8b1773ba2ea676a026b4ddf80499b341a088406416ff9f73d95f7db6fd2f2f665f5f3121ce16b07f100651df8178a365673a3611882cedb2ff0d2aaeb583a24fb8b0bfc3d5dd0228720e89445cce28d3f060054be2d6f71121e6c58eb0a820a05de29bdd2882dbc661e6eee34c200de9c391701ee4524e3ff56a3695d8bf7d5fe9919a3a9e88b1287c380202e5040c1b7fbc945fe9e48f8ec48697befb9f726c6f2ab4e4044bb7864c70cc8bac04eb48d3b145843c01288ef1d648c76db4a84228867293df8bef3fbda6666deb690f88dd2410c2b5cf251f2a74fe58daed38f5948fd8fd660764133bef4f80bdee48a94f72d68bd5b9eb660db184f878acc763d456fcad573a19899f38937c745a9e2889584090620b08941330349484548255cbd0b2e9d9e739726ff20571bdb2b3cec5801fc134e40c286a641eea665bae6634a2dcd9dd8ac1cc2db4d81223ae710c15fe4edf3519241cdad8c140ea17b851215f70fdc575e790bb6317d0e304c94fde99bbe98837e5e28a2e571624e67d422a1a682d0949a0d0c726d1f0686fdf9625484e473207fb6b97b27f7c8e4663f173674bef18115188a90704ca09d8390cb191ae61648df370ccfe97acf453940bbe71c69357f264f87f5eb703690e1151c10ec24b413b5b790bb5dfba5ba7d68fa8f5f6dea31f2cbc0641fe6838b437c0346bdc63a9eb91f5dca362bbe80f914a12aa521c49f0ec680c36778f0a51269b13e85bab58771b4fbceee9d30d78a36dcbee7b0b5e8ed47d19c73892447134196215710421e74a0ce3c392fc2be71e9524ba7f338ba9b5ab5aff8d97db3f70443d5a15ef19936381790202e504ec0419d16fcde4be6cc0b939fd1198fb98737c85832f5903c32e0e97aa092f49c06e8f60eaf1e56bee54aea4e48ce4c8cd8fd6a65e1b90f0b9a2b578237a83ad3dad15191eeb13f1ce5d4844b798aee767a0e392926f592dc61ef84ea27e90aa483b2d65f08923ea7f79347164d17bdcbd1ba55ba6fee28575432b39c53ed9e50ec09158db5266c9f8e414071e25bcd9b67fffb5b42251a2726c17f121e3850ebed136253425c58f6604f34dfce46b7a2ad23f763a3a5b8b9fa8c9a34988b40504ca09b825c49c83b7392fd5c56ee5c7870cef4eb05c82e56fdd325ef406a939634dcef0eb35e3ebcc7ad34059e0cd8e36e05c0e87a5986384df5b9725fc668f2728108b7af2a21fd5538e979da6fe1614de380b826bffc961dbf0318563d79ef3b5fbb8af2c1e7fbbe31ba17cba497abfed42db5ee8b88b482d4b6d8b897716cfb7e95f5fa15fb998d773fac4e1f8a387f0eda3e250242a327c800202e504dcb4fd76364f18675bec419811d92b1fe35810878d9c97c1a9098e744991435e04bdc827bd63a4850c3a864e966e8e75849f5ce098c019eeb274a4250aba31445d76817e2afe86867dffc23940c7123970dc7ce86323f2f191debd415d09868b6dfbaef1f278c42db85f5cb2ffe652feb75fce7fe6e1f2b74faa9ac2e0f20404ca09d82e9e5eb51d2b4604a1318e732cee77dd4af4474886e5a4c97f2f40f802020d94c5deddf1f91ef2591676471a867d9dd16d1b47e2f6583c5b43e855ac0d90091e4072b9754e2a70b22c4e96bbdf3f51933f7232ca6d591355243a46ff5add7c605cd464a09e805db809c325b893e06ceb858ed1162267a0ad1570007492bddc40b7068b4fc030bf580e0a5a4528a904451f8dcf995bead2c65b6ddbdeb6b0828fd075bf821dbd1e11424532853b96998ae1fd63a21af82620783901dbb1ade311146300c8390a42e2de0e3010053f10dc44c37bcf7d2924d0044bae694946f2a23c6ef1ec1ccac97d3131f9e018371b1d8945682fd9a55b6854850b1b102827609bef287211968f4001edb9f680859bae5728e26a8ea4a41506651b4d96678ab8913e035b9159c2b34dd1dda9230add57e4c36989e83a45c13a060404ca09b86de0a64a9673e49e1020bbcf4db2efac1496ac459b58990be47099110449934b06b29f3a139fbba4c74894378a1206be0908089413703b9148d6f24c39eb21a49f0ab0634747f8364983453b66b767524a16e1cc0cd77a4981990549560930247dca85f7cf82fadc59e378c50fc446e9fb2bb9a641722db2312d6b570db8ad10c916d85105ffe743e5778c49e96383b3f371dc31af6addf6fd8f3168298ad3d911d76057cbed7aa18121b1a8d69476fa9e9fa5562b5591e835a3baeb2041a9abf3cb5766169224113c956eeb4864573ac7d7eee5792ea5bceff4f1722931c61467e2fed1c6d1378d8e54c20721607f02294cd6b8839013fce037d30b1d13a1f57de562e7ef2f37bc3353182f4aa3807cfb0c2aa9259b38e5b6ef2c286b04188bbe8313b12b9ec94652b0b7e55ecca9e91c28355c089da7324f2932342ef1bba7a3712978a3020e453815fb367dae9886fff43424422f2f76ae50adc2556c8443ba5dbb4a0330548d657f68f3197c74fcd2aaf13d3cc87cd36c7516965605b70279a78ed037fce48b4bf3599a815488dbe1bebe9e1af7abfab90463a32371acaca39cdeefdcc353e3b54353a3b54a89b7c804044abad587e06fdc414874cc5db52dc75828bb42dac2bd3b4a94caaa528b2a95a85c8d4ae548c44a49a16441d25e0182badf7472d0d66d0d22479d3ee7160aab0302e5dc8d68193afbb9fa782c0f47a49db9c1ee78e71df00d9bb8a2575f14055fa4093558a9b444922ccae96ca815485e4494d3ff851fc1be0ef391c61c60a56c32412329d672917464394361604c892ab7c8dcc85ec5c2ac2cb6aed04875c8fc708bce8daf0464c1b48227b25c0ffecafdbb90c113d1c53f5918d06cf30cd397d659536793c2abe66c4f93689dd21b161bf17ba4eb9d381eb2daff5c23f4762994704ce36e8cdcd0e129e70b958db5da984ab9548a23f0eeaae30fc72523314cc6305185c3235063f282e5263452e618f7d5e840a699787682bff291f0790d81b58083be827036da993253b49e236ec7ac7af161b4b8d17a84bf94e51a3234e89ee3c8479a48b82f5bfc167b4deeee1bae7322dfe05f9841dea66fe8ac10561ac2adc51f89a102b669642942156fe7744839ff494485fec0edaae827afc9e91c0bc35f839376d8f15a77f50125c17809c765bfe9a7e0df9eaab4c02e37a1075f215c3f1e7bb3b769ad5ca2bb4b518cb4c3aeeb017dc152ef5bf69edb7d81e8bedafaf583fbfdf2eaeaf26af1f4accb62584aa2385251145125b195a4d1c49905239c57542d85c45940a09c803e52030b4db8dc82433a723e44a9c33262cc155434f76fa2b5e6cd145adf6c49d7158079ca614d62c3cf29e42eb1bb28b7d05fb917129745a91c330dff64bb96ce993ae7a04ca24c2218c1b40439ca18b7e16370ca033d8545d198e2de913d8673668c3169aa5b9d147c2cabb0e3837130ec77da762f9e3230db4225e58657bbf01b7170505c2f56b8d5c8846e7c6bd0cd41ec85b47a5beeca8c225eff76177241c5fc06d644a2aeb875b150b07e4c7733d74d9fe8cab2aa10c29db731799eb66ae56639714c24476b152943335f4008acddc578fd2a7cfd4d4045af34a991d28b75925db9fcc1c04adfc6e14d869808fa7d9a68af4db9634f51997d1ad6cbf4b4e48b989dd72311dd3735890765460b796ac932dd4ed3b9c5d54e9a73eacad384145efa60e3cb45d77dd70b67e15a6a7fbd7e7557bd6ded09b71206eccb2850ef29836fcf1a41f526ebacff25dec0ad1352944b491c497735f2ac9db656449e952aa5471fb96fb4561eca7b19026bc1cb09389038bf00cd14f2368b0db39aa7b3fa9617bf3860777013beb9e611dcc4bc157556d45f987bafc8f68679da2294c3b19bb24f063882a90aa699a233f4a04464d25cd71badabb34b3ad7c58452f74728e99d0b2c4e76fd901d5867c307e78c76235dd8a3fe75d7b4786f70d0fdb8a5dc12adf756377d67b1c773303891aecf47eb473aa077e9b8eaa1d17dc85a2867c62e2ed68fd63319259544847a8180403977292209950466da5d2be26c62c625b80537d8ed540f14e132f6600a1f65fd8abcf8292d1b8ab9981732542944068b744e613fdd6ea622eed38cf120714c113d6bb753c72ded4e767966d1f84a3054127b39987e0cec3a12a7eb0c390edafcf54343e97a8ec2753fe336226bebb6d49f0aea9d261c98c587bddf537f88696f962960ff65dd5c50b78aa1bbc1815ba63b60c8f93c71b91a593b7afef28a90b1982897a390dc0908947357c279154240568468d84a8ac8a2cc8a5f4ab83e35bd8913736db6070742358531c23c6925715b80e19a68679b1dcd8c451c3a83db94dbc75b9def6c7de1599ae5cb2b8dc595ba9fb146960ad9d06209df754ea83f91a02b784d7d67af18f689ddd0d5e0b1e03acf6220cab516bb5a733ed6dca62d029cb4ee6de95209f6f274d467c61ee31553ef7ad1bdf574b8817076ff587b7b435cefc6a16876f4f9cbf35363276c6ffe434040a09cbb0ea98694bae963ebc35945f6be9842cd45b3ddd0d8b57397374c31af5b7a17ab6344d5902217c20b531f4d30f6ad9411c2ed957fbc59bee18e5663db9db4d1eaacd45b7996b35be3edafe0f654791d23603fe7d267887e4c6c8097d798fddac9df03a6bd7f7d71c0d0e3cd04d5ba31b84d58eaba03eb1f33f4f337b4fe3068d0dfed3e0bd765a77c689129492ad9c9ece5d995074e8e5aaea90e1fbe80403977197cc61b8ac1387edc321949ee8d9599e85a4e029ee6dc1f2086fde0c96086b9cf31582ce6d177ff598208e038b705f253ca124a073092ef3c98563bed64f9ccec62ae75b166770b75a514accb7cac6f67c1de5abfebc70c3464f68c310e1ae6eb5c08ea59fcc128dc1a07ac4f936d1240eb5108c27559a1817d035c1bc943bcce8bdd809fba758ad73c77ad3a8e06bd34ff7faecd6be717cb899c1c1f2dc7a109342050ce5d862ce7be3ceb89a7a1bbe39651af0b989074de8f1f664042185b544ff36b0417210b23a31cd7323adda2ea620233e1b8e29233f7b59d25edb0ca1f6fc18e794d1ec8fd20b2e25ff40a3069278d0436569a4bb34bac9320a05f4fcc546dba9ecc40a7662189d3ebdd2cb21dfe8a75afa6af07f7db707bd4accdc3ffdac2cb44fe50092fa913516f5c02f51d8f9e85dfa4f00dafbb02dbaaf1d8b40061f38cd2750e175cebdc6cec4ca2e36ad9d6aac9a5e370cbacb3362f2e20504ec001f372dc5fed9b465672df77415c3f661461c7704b8db0476476b1adb85587bcd22779f135e13540d9741a6b84c8c118488dfb5f59670c123c96e0740423dbf3699cc7b062a0d31ec2b2d71d6292c078b2f550d3c2c46b09b901db82386bd4a8ad304fda8bb18476277b795eaf3474074a0d2c672212155b89b1c4970888362c23ef5a5eea4a2ef4bd81e2d9c2cbc5a5e02f6d0792ac3d029d51c82a322b51dbfa60e32a8ce656b8435a16d5b6aa420c9518cabe1fa6e78f5011025d4cc9663c38baf046bd125d7747d50a8c7826dba8c766fdc1a27bdf21cb9cc786853f57d43e705f9186a40ce312ae192de488b0e1bedafd60df761510d08f99b0b4f4eadcfb1e3da9add4166ac9ad2476dc0a4984b9d78172020e1c0a6ba2bb069185cdd66450c6b1fd3d67969c216a5ab9a425eb6b72d92f8844562554c854d9faa0b3485aeb342796a3d4aa668c6e36af366ab369a9de1e9d2b559cf9abd1b501a06b6c51cbc0e3e6c2fd93cb1929e75559c25bf679ca893ed71a79263f5511377483042c1ba8187ac7e4ead9a3b65672663eaf5207a5499c31e346fb522b153a839514665395ad76de9a8dde4847166042d4d48482b55142eb8ac811f35cb7dbe9d26a1306a2658e6c724727ceaf699a6ae7ea2362e59193e2d889eae19a50a09570fe6384dd3231d2b9ee683bdfee2c2e5fbe384b2f2e8f5c85e96434aaf911db5d2f34d71f8fde1c1f075451e22bc0d23ccb5b6ed540823a2fd48fbe111f2ec360dc6be3ebd936f0aee8dc8347daaa34a122cc3323154652365bee7d5c7e75b9fa029e4ad69711ba13bb279f7972641ee28a4aa4352cc5c68c277a1da7ec82a090dc54ba46cddebd01c5192f6e92d5abe74f1d9d1e294931323aa78e5c59be89b7f8d008847ec040390107124bcd819ab481d4b5b070a2963ba31d3d78e26d35678540b1e0a66f97f169ffde384e8ea5e5041d43230acb6caf53d42d675cb396be7cf1f567af24cf2e8c5f4d0e8f8d40c96c6c29dceabcb3927dc7c333c73e701a8cf062c7b76a528867fe3cfaf58bdffcdaa499aa6ed4c4cfc7df724bfb1578b274f9e3ef4c8e9faa493e2b797ddd5ce2ff9d067880e35e6d586dd497da6fbdf2da1f2f1f398fd3096eec922591aa9693a989d122c8e6ce47232ee510371a1fad2c3e395dbfefbe43a5899362648cbc8c1cd95ee5da9af41916dd2d364d5bab0b334be7675e78e599ff72f99e793551f266bd2d6072e5eac7bea3517ee4b1a9d189288e8be76769da6cae36b3c591df9f7b66f670a5d6dfda8660ea5aa9ff571fec4cbdeba15a795470dcd448211d396479b6d25878f8d3cf3cf3da2135561efca8afb4e113e3731ffaf347c6c74f95e2b2231b6d34539d038aa2c08db1e6bcd05a6d5c4fbcc7b34e24a1ecd6056f9cfb9567ca95a9d174dbaa6b02438975a09c80031a58a38d57c0dc106a38a570b22ac794284b967996b8f16ad9adbe3162aba2416aa80a559593104fc2999347ce98e58fbcbafcd917173e377b3c9d1c1b131bd489a1cf0ab5e27167deb5ec0e7ede0956a2baf225118803e758ec4bc012c1a14efdfb1f5d7ef2f109a854d698667dd3fde0235e361aab305a1d1985274e678fbcf4fa4f7f3ec927c762da2c5a55d011ff5b07cc56b2f7d42e7de8fd70cf9971a81e07aea880826c0ac6e9079e0aca29cadca488a2d138a9aacaf47befbbd8feb757fe6de7f058cc6c9c0355dd9b3275eaf0d48928ea5e2d2efb88ca32aa9a95eaea0888abbd4ae5cd2736a077475a63274e57a74bc93add3a1595009337cb6fa9eb9ab30481ad8c4f4e3e502e578a5f4537ff1e213b76426b61ca93cb4bad7a3c7a668ad53fb74539a1c23a504ec01dc13fddce91a255249752494c045659a87e5d295411448a713085cb6422bdd3e387bc911f521009395d7d64fabb1e9a7ffc2b177eedb97c71e4d0540cd66e60a3b3dcabaa518728b65d1dc9c1405821afb4f5fad6d950c373da54d4df78cfea0a2e0df8f643cb1f795b541a3beead74b702cc6bc9e135b6197bedb1fdca326ebe89cf776a1d2cdf78aa0cbf40c2620a63ab733ff4c4ea634f4e4265bc5b0dd0c3fa1cb828443ad784d70ade4912353d3d2e9a541f1fbb07c66afe182363264cf5d0c448a51cf7b4427d45075114cb2416a83b5eb6a8abcab65954cdfdc2c824135a29b93e2943854c2746f27aa96ab7bda42acba578a04eef66bd0e5a9ba1901bf776c9e50ed4db60b8747a5beba410580b94137090bd9c9e051284d2761be45b9920294754bfd8ac306d0a3796a23188c25a2dd08f70e1292a5df36a9df373e8ccfb26ff87eab3bff42762494e8ee3062553ca5b784109f4a5447bbfb5c520058b242c5b695a2f737dad958aad2d86b10d9e9d7bd20ac09f3dd9fad6c7132c977acaffdd9d153cdb4bc41729934103bc560d4eedceca97ce772e75f263abf9fab851b771c78b897299df4c03de5bbefa43df511e3d794a0bc97a6bdd9931a4b51d68c55c67e8fbf5d5bd1a69a3edb973f5a7176228b556fd735a448d3ccda95aec6eedcde1c8160f2042650d3b5a12ad9f44b059688d0fd81ae52e17e2f5956d6e63a552b2a1aade68251ed027c56bddc21b2d6afa615cf7a3767cc323e2a43b899915d6c2182d6f5d42a24df8e006ca093898b8a618a9abe2ec17fc692e3593085bcfeefbedc946e03596b62b1e663d63c5f69a7647b4e8ac2d0f139b7ee2b1bfd47cf9e79f29e787cbca6ce416f44a8cf15a33c573740c37f65b69796228d1a68a08eef51d211dcb29afb4bff6bc16d029aabfef91084a65ff9ba26ad9e68501c3ae5c4be1dad835cee92559d6d42f172f5d7ef6ab972e59eca801de465c73290ae6747cf383f72fff37df7346554772cd42425e49aeaf58c6fe8ca56e5d455788bbd0beee5f91a2fabad16abdf4ec852b0bc746c6a2825d5b02d334cbdca17bd9d05ed91816fb37d62a93afb9ad8342791bae39b4b19ba4a57cf3d146901b978be156fece35cdc47c86f55646c0313de7e6bab7c2bdc7b5d216ac6308829e70a09c800319481bec2a593306e8798733c279de21aa124662906cd6e22b6b2fe13f910f253913a86d1e6334b0411452e5902b484ebffbe8c72ebff1e9e66387cbd7590d44d8502b8cfd10c78cce8c2ae2da02ed6f3c1c70406ce14ea569dec952b7c45f6d66b38b2bab336d85d84bab389fc3fcdc9f775b39d2ee645d821cb47eb64b03dda80daef1577fa065f1e4fac5faf9c6d8d8e148da7517b2ef4e09986fc1f7df3ff7c3fff5434295bafd385874f474bd3331403c5d638d7db2415cd37ba056a69bade5abcba09324925d5f443a77af48d423ae3b09ef543a2ae2123296e521c4adc35ecc5b9b7dc223b5a1f5cf73731d8bf4439100d76b226c7c088e1d1717979757c056a69cdbe67e6cb9eb3a1a8f566e545c1fcb503e102827e060724eac201de804ec3939904b8a9c6fa2ed5424cad77dc2992d3aed7c7eae65226bd0b433f7cc0999564ec562fc442c62e725881e41b96fdcda3d86c4520a72ea63ef58f9c67f5e6a97274ad7aea87133517c678db5868e4e397084d86cb5da1d16d3741cd368b6d7dadbd7daeb572f9f9fbf32a5a6477cb280ff76101eaeb61f7cf024a22c86be481a0cf4b0bd179c5dd0ede66a67663e6fb449a118afc423e3b5ea68c423e1d805596d349eb9d09c8dee3f44ebfa24fb3a62085772f8c874fd47fee2038e6f7abeca600be71a9fb0505bae759eb78d6edb664ac66f4f49518aa44a1063e7c5b4da693677e5ad798a2ad8efb241b856f96cf06a5d972bbb31eb58bba9cb2023b5a1ed6f3452da285ee73bb7400ecc01eacbb71541423f3748fa590ee405a701b3a5e53a541a793b758f08293a9d523a5e1eabca38c20ddd2f25832a68a09c8083895a85f2d5b5d2269ff427ca043c3c4127daf0b69aa86ca483e6ccc5b9972ffdfa67a5191de1b103b6628046a979ec9995c7a75efd96f78d89f193d705439c8bc2d9fbe8c4d47d13ed3fc9a1b4fef611aa3f8cd2ae6562fc43cdf9c5d73ff7d5a6b415cd7d401d6b7c050202ad5720f30bff4a945f39afa9725c6191da60efa195c1b73ed25225d5e397c2abc001e14a6a2f2cfcc17f39fff27cde5ecaa943a840d656abe5fa0353f9d95372f2f8545e2e75d2c557dfd45485757ad00371a23ac089bcf1637fe1b0882b83b1c701afb20877d946a3deb878e5fc2bf3e716e07c16e9960523f94014964b74acdc3e5ca123c74ac9a991ce85e6abf5e9dae1b5f206cfaeb4093d0f7640e1e6fec520afa84d53f6466bba46c5c7bf336e89d1a39c7517c2bd717357af76cecde58262d099d6a23b45ceff7594ae8d7b55b9568bca25e37ca5c6cab9f3cd657c44ae3444e1de19b3a04dbdd5a995a36387aa63b52868b10504cab973607a73eedd4ad7101c4fc47484e391734a683697e55a7593d7a19a985e3a325629fb41d43ecdb3046317f3e35f3a9f7ee8f2ab3ff0bd02278ef7f308456d1b255c17a592e3d3a9790b6c958ce6f4b7a3ab957ab3d149d32c2f9c89a2366dcdd635eaed9f7faa66ca496478a6344ad1f589f0dab5bcfbab286f94a7cb632565ba32330670b4dd3c7b52fa3b967abd213d0785ed9cedacb4fe8f5f9ffdc6ea31e799c83240b5882d825e813f9ca3c9e797a6a399f7ddd7b96f247d4bdf5bad6c5c02e65e9136e827be3bae8e8f0c2a75e28073c81e649e2f9d7feb0b7f78e5f397e24b7abaa946318242838e4f3a632904b7ebb26e4cbeb0fade23b3695e6a4f4c8ed1ba6e5adcc4cbf14d993797e88823b9492e8774a6698055d7ba7cb4b6d78c67ec8ed61622bb78e5177e63f9caf891315e1794c475de505195270547ff84a9d4a363a61a3b776fe0099866586f3affce1c9d1e2bc7588a5109ff2a5fd016abe0e404ca0938a0943360c68e24e2b41093bef635d3ce1647566d6abcc6264aa7476d9dd53fbba6cedd0d3509fa70f2e995c74f7fe585f77f740c4475dd6a1b7dbb622eaacdf30b17b2f91266ad142c27af1babbaf1445e904d3ffdd2b32b49ad668e9d6e88b5dab21bc1d9fdd8bdc4f42d6287e8886a8e4d8ec2068b7e6620d3cafee567565f1293c746d716e4fe8991ff2a618a93af9bc9375ea7316ad8d15a75a3225df7f405031f985ab9ff8907a05fe4dd1f4c50308423d637bff6d23ffd74e7797b5f798c751ca6afdf964f8419ac2d52edb717a02461accc0ee8bad3e44a36bde16a006f4635c83d378a37fb205f57c6d1f367acdd58ef87d7012a59183bda9c98d234d815b4f1a008ebcf35b9ee6d29627df3cb8d99d9a53cebe4364b5b2ba41b671fbaefe4899363b4d23c335d2925423aea0a4d3a8172020e0e8a722ddfb30f4f26fd322425f0f143b1ce3b9bbdd07dda47cb50cfaef5339481a3e3f0ecf2f4b72cb4e2a97251864b450d58aff5312a53565fd038a6a4f0d33351481bf908fd86d65229312a3243d1f65b4407cd9b17f2b206cc2656d5bef266e3f75e9793d1a6de41426eb90e660433188937236f0172b1f3fd7f2646a16060705abfbc1ac159cf173fffeccfff61756ee4f0b1842773dfa0f24a12d4bc5a9a0f495d67ac2de59dce86e7333046615b109b5a6d924ae2806434f6042aa248f67275d78ea8468965ccda40651898946d81708b370bd713a177aa50448e10399356ad4d58b2730d38f7cafc575efdd45ffab1cf2045ef7bf7c3dff3b1f77cdbfb9fccb59102ef3d75646ca41a3ed4817202f629c89be3e2033fc2b6a21f00ca0dbc3143ef3c646ff0e2b5aa256e34f185b679ae9bed360bd44b7969a9737c4443af847a70119e5445193bcb38ee9b3e84f55d3c37705e1c25c5110f92bb35580b4964406d5a273c5bcf32c22daf95e849e06c48132b397ce0f0caa9871ebc467fb957ea86d698d79e79f567fe73554f4f9c1060edb6fa1971d393a23c2d72f8d73e4549b97d4707f1468383844ff4c37a3969f7c0e86849a0d8f048e95a8d69bab6cd6aab25c2fa109ce885247dcd07d98ec1b14876d21cb4feece79efec2d79f1f1fa95a726b24fae07bce1e999a7cf481e31f7eefe3278f1dca7393c46a7c349050a09c80fd4339dc880765816303ed36eec1ccc052ddd2e68ca3b55d5ccdd35c644c339da595a633735a1b9d65ce4ac989b2e2369435adcb75064791b76545f0a9d70013c7ea067637896f9d72885b0d6fb0f617f74e5959a77c5a45f616dbdaddf1a74d78cfbb465452b9e60a172142e7e32d5f7ce35ffc41d69a3a7e54801dc6db67addd844590b6ddb7429bf7b8f0afacedd7d0533fb4363955d98c13a93bf861b0ae80b6730161a3a10c055f51af410ab9fc119338397cf4b074240ed4ec640b4babcc46027feb3f3c05cd8e7ba78fdc7be2d891499d75e252f2577ee0e367ef3f7ecfd143c70e4f4611df63de9f0e089413703be03c9504b12a40f5ea918c8576cea34237ecd670b6cc58b75eb70b8bf56fbed2d02c55e0edb427104ef0469190584e848a240e16750d1891fab259d1b588a0a7248ab1c25225be813daa24021ab7d8fec762d8b9824dc36678f2ccf48f3cf6fc2fbc7cecf038546e494c2547380c8db3f78e0cb443ae5bda773aedcffcd1fcd7f233f78c82b5437af36ea4f07613e99c1bf0539666d6971ac27ac7ad54496eec38612fa8d81fcbbddd94ff7a61eeb5b1a2836e2381359ac5955056e2526d22b160fe7ff6de034caee3baf3adaa1b3bf7e484c12013200006800041884924458a1249d91225d9929f9f832c397cfbeccf5adbdfdacffbed7aedfd1cb4deb5d7f63e8795cc759225ae28c99256b2644994454592122398c4809c063398990e3755bdaabaf776dfeee946600488ff4f2370a6c3eddb37d4ff9c53a7ced1ee5e89e938eed262fd91e3f382a985b20ffef21f927a830e56afdcbe6964b8f2d6ebb65fbc7efad24dab0a79972843045341901cf0aa793942d5ae3768b26e53f9379cd43d953be04769842d08f56da9d6b4872a6536194f9b75afe909d3a6ac5d802d098ef99494e962be3090fa181d8388d4aba74e580b466138e95cac1e344d6a3bd62906b19101ebc913fe8bf34198419a4bfa8bb5a23c9dc31fb39cb7fcd0fae6471ffed4d3d503e5c14197e4ce5278a41abe61a83e343e45ba17fbc7c3b958387af02bfb4a952a21fc653b7dcce8bd5e524db3d0b3b806fae9938a977aba87126df5148d4b4150c668b72397ea8a1403ae57a1f2d65b68e6489c3e86d82e3b94ea4b4bbd795c1822e281e7352835d3cd53e6e80479d5344f3578706cd3b46cbdd62a92d68ae0554e8c871e7f563ae79fffea7783261f191fa8169ddd976e7cfb5bafa91473c3d5e2a60d2b197a944272c02b4a9c67cc49dc788d04a11a969b010f4235e37ffcc4c2de83c7dc4132a8527eb36386ba33bd20500bf7244905e44473e45874a04e2eddecbb05972c5b8428ff6c34979e3842a9dbaafc926c9af55f7e21381fa8b87361c07dd17e4fafc80e57d594c9a045584633e47e1ce59523874f8c5d243a1d049a2890a04eae74c7bb2fbee8eb4f7cf581e3df9b1d3ee40c160aaa42363b33ed099b64e7466ad876af83ac0a9dbdf0e4d1638df162e1e5acd462aa8febb552d234293bbba4b5be921346690dd2f6a994837ed75a996c7bedd0abcf2e3a471c9eefac43d051eb262d2c248fbe14785b1790e8488c4fcfb3482fbc34bea766af8248c80b958a2655156499e0864b4cc364aa402857396c7ae553a8321ce5aecaa3e158be34a6d432546a1033329ac78ece1e3b429e7ee6e027be78bf69301106b75ebfeda275336fbefeb29593c3f586bf66e53885024172c0cb8b1c37d68f917f7d2e523d267d1179a25ef30e1d9f9782130a3177bc36bfaac6d3c4e5cea1490401f139d5cbebdba3a8c7c8f11ad9691e7ac38e7582d9a4bd7a90c6e33b8ff8e2f3fb9f3acc8a95764d33d19ed3e98d65d22b670273a9cebca520145e53c4d50d6c5b8e276abd671871df8b16973c11faf546f8fd606d5c1b39793b21f385dc7dcf92cd57fb86e1b48df3c4c057ed34e5ef85fcc0c5d76d9fda7ce0c6278f7ffbc9b93d270a47d858e0b23c13c629e778e453f9205cbd6e90c476f73219e091ffc4b38197cf955f42ebb91ede8c65f5395ca675260bf4e3826e9468ffb2bbb14e9c6418f94114844ca5cc8bd613dc236120322e63db0392c7b33c3a7cdbbac373c6b132f5549158d159584857af96521108931b56de9bff5eb87ad14ccd93ace7d4d158ae55724834399d1a1bda7df906aafabe0acb75a529f2d0234f2fcacf949b618ca7a68c418961d8cdd93a999bd71d3218314c62aa76b6aa29a12a5b4d179b4d6231d2f4ffe17fdc233ff477d64f4e4f0df98de8fd3f7acbaecbd6af5d353e313aa8261a2d93211b1b92035e0a7e10cece2d2cbef0fcf1bd434759997951b4508ffc304e2f92b7b8210d477da7f534f7423f3aee5b520018d5266a44a82f0a8dd95b4617dff7ce956eb998197aa9485a0f90938bb39ffdfa8923d6fad1653308bcff140773dde9196b7a6531f57944dc50205bff980bde6cd44f2c9cf09e7ff2c97f39316b8e16320358c521f7ed1b7edbdec393ab67da952e938267ba4ab5fec371ecd1c95595e1a9d53b9658cd9fad8ba7f6f99f7b983d1f1a6583187d327d4342cab4562c0e2d73bad2afe6f94f2f54ad5cd61fe86a28dacf6d13a70842f54b88608661daa63c20caea4f264444ab0d0f69b90c72746654fa088e4adca05d23aad472a9da2ba646a76747ad6a5e055059a22fa5a628e4e61cdb2224d3f2400b98fcdf8a2d17bf7fcb4a224d1235d7d2ab3f92aac367a82277062327f7feaf2f580fd1f181331e4baa1179d7f4eedffa8d3be2cf945f568ae0defdc7e6e617733955865c3a33e9b521bfa2b1b8d438363b27cfaf6dd9f56673eee4a25a0c6458f28d4bb5faf71e7dfa73f77e379fcf19d464d47c76dfa167bffd8414ed7fff6fff2bf1eb24571cdf32e3daf6dbdf7ced5b6ebc62e39ac991c18a94f3533be5009203da7cf7e1675e3878ccb5ad8f7eeadebffbf8bfecde3cb362e7cf362acce16ab695a5a358ab2698e8a30405b371357daec4f2a6a91aacb956b352092e9ac9afdf2187ecf176f83f8dc3879ccf9d5c78fc5f9fbe67ef8a81d1b4945b872b70ea598e76a1b79e558ce508902fd882ba87ac4583778f07b620c71ce71f3e77e0033fe6e6cba3aa4469abde4d3a64b6ac70d7b11c6790964891f0999970e7c5f5fffda5839f7caa6c97cc4ae70a99f81bd6099d668b162ff57480d477f7c3c5c890be44670b209199f0a19ded18326b4733af179d2e8a68556b5b9ea31167973196a88bca804f4c8742ce8d4f89d457661a41b13e38e83aaa9c5957b44dfd5d291786064a56259fedaf1a9a24f24eb0b8265e3b4e96aedf51ef2c13bbb790a611b5f4abe57c618686388b40a0fc4e72d0cfe73af21736ae5bf1e26e87c34777fd9b1fbfbd54ca19ca69b6f63c73e0defb1e720b56aee01e3a3cfff8e32fd43c8f8be04ffee6d37ff8579f2e16ed375cb169727ce4cdd75e76cb3597554a8553f65c05909c0b92208cf61f9c95e666add1fcc4e7bff5992fdfffd09ee7a5f3d2087d96770ad2bed391294668d6d06d4d61e8259cdd8b3fe473c33323bff43e2b572c494f48cf030521a39659281492a9f7ec8029b7313bb778f08147feeafe61772867f78a539d22b096ae43e499562bbd715ddb103d4a26a81d76c9178f4d8cddfdec5bdec1caa5413311ae38bb8166727a056d4d3408460cbb3262fdf80f5bd35f7afc6feecf1d7686c6f249ca59bb7465242c8bf8a26f23e528e0b159aceaba0991cc8fa7cb2a69ec6f89d6b447ba03d969a478ba2dfd9bab92982a71b0552e33ab154237fc59313e343568ab863a44a84aa1b6cd0cd675ec54dfd79c2dcf583f9bbd4f4d1dd2a807da6ae816ffb8725d4f674d642b7db65ea22be7bc8683f6f8e880fc69fd39393a78e3eeaddd4e99500161b9db8bb5c693cf1e7876efd1cf7fed7bd31343dffdfe938f3eb9efdd775c333936343339d2a582009273c11146d13f7de93b777de2ab5fbfff898152bed6681c3a3ecf28b79934fa8d72316f5b4621e730aa9bd6f7593f1197fea5cbca9995cb156360b0f5402e230d8264ad6ff5ce7a7de1b9fbbfff175f1f5ca80c0cd3de495ba73074e39aff49fd945399957a3f2da9143dbe08e564b0ca3ebe7fcafad8e337dcb1a63a34a1d3b849d7ec0b2599bc86746434ddc275b75c3235f8e847be7ae091dad47841170ec8ac7ee4a619d1beb1fe90184d96333b4ac464a6c9d3a6a724a334ba0b018ff38db58444ea5143ad665262c345ceb11d1df6540fd1d67acd787a8a4dae5a33b0bf54c89dfe2251d59da3be6a1ff5492dd7056944bf5020ed19076c3b77edfee0d2a5b48827ce6d474165e8e999c1c16ae9aa6d1bafbceca2f7bced1a795236ad9d6e7abe7404a5d765a6e18120888228726d0b913748ce05871c895cc7ae79deececf1d963448e51d54ac93674161665914a578e6b65897e2b3374fcbfc793bac0a2d1cf26ee7488545d96af7df1d9fff5c088571d1c3ec5f29853423325644ef12a69f9b320a482f5b4cd55ef9a8af53ff7ad3e76f7f377bee96479e57ae915519a4d6b16ed34b6ce8663b6e5acdb71c907479efdd3bbf73d5c5f39948f436ca927a29a959e6a7a9933dd05206be0c77e9434a055fa02895d9378c1bd6ae96d1ab6ebe8b8a618a816a5c050351b2147365527b346c854cd1eada8aa0cbdc6761e0af30c073c2f105ec34f6c861e76406f43248daaf5919653364b6877ef534388c5cc8084e7d56dc592d5cdbaae4161f9b386ea8e04bd81e45c8092c3e8add76f2f970adffefe93f5c546a55c0cf4b401577d2003dd51fac5df18229bedda5badb4891e36f73cb0f7f71f991c1de54321e96f4f9353ae8a10fd823c5df1b7a61734c2500887f6d98a549df161ebf3f3eb5ef8c7bd3f72e50333dba6ab8393a989daaae7497bae5db42d6b74ed865ff9c9031ffac7e3dff787878d4c597f417b2e2a8cb760086e858dbab48539694fe36b69614919062e7f29e4a5716cda524584c8b9b6fe456555582a2daf635f42e9c8342889823ee7451071a6cb7fa42bd5ac05fdceb0dcab9e47527f59d6d3cf8c5b7bd3533a3da2b54894fb11795d35f8944706cb4b213917346a695ec8553b1ae9984481ce0896c6ab11f1d3df18546515b1e5218234d42632eb2ae9b2b7c6d788bd7eebc48f3db7ff932f0ce44b84f1bed5b4d8a96e549afde8200c0dc3c8941016f18453d30f16166b763e907bcdfb68a12a3ccac94891ec09577ee8be9357eed9fb969dc7672e5fe7e44a9dcbddb3fbd9de963c14e5f1a9f7df263e7857cd1fca5be9c0ae24ab575643220041d3f4eabe5b34d3070c753698941869074899913bef3a96fc4e3d5776f63d227d132ece6210d7458ffaea531446f546603bbe49da41cde3738dd9fcc9209824d9ca02da81d34dd8946b164651b66729a5edaa47b1d72c3fb4566f2e2eed7d724ffd11ee0f9ad968a3c8e71cc7b16397aef31488a37ef448f3f9dc889a16f38380eacae3f2c966c3936ec7f4d4886d615c82e480d78e1d976ef8b9f7bcf5437f794f207ca6a69d75ae969492335b2362a956c4dd23a11f447193953e41fc6ce76696ab94df7bfb78f0d1e73f373f31d26786d536a9e5987ddc25c18330f203b94ddf0b8e1f9d9b3d3a679ae6e048359777bc66b038bfa4ca22a846d43e0fbcc6e1b9d05a6b9eba6eb1206306a90f56be50af3cf0f9633b1f7cf8fa2b06d66f1c77ab5595cbd69adca7ade4828e6f39b97aecceb50fde7560d5709cf72cdd9d861a9bb3ae52721874c640ddf3ec7cae5cc88f17727230b54ca3957afed2e22fe2b40a9d7da96e382de4074b556834bdb89040bd26c7fd861cfd75d233e94a8a7be1e0b11feca5f642c124ed6cb3434b5173d80f54793e913da6ea0485d1c117f69e78e240d3b093fe78aa559241b4e1127f61690d1842f8befcaf1fce2e1cad4f312708828ecf5e0842c2eacbaaaea93f6723f1cf8f7cffdffd8f0fab09251e1b5054695c18388e75c72dbb4786caf208737545909c63baaec3546d6f313152191c282da9aa19de6517af9e18190c54f20291974db928cf8b8bb10292035e065cc7bef3d65d7ff10f5f58aa79c59c19af9553156c5405e7d3fb393d6b20368360fee489b2dc8621fd096e5896b00c2f525347b69549b3d663b6fcd5ad0cbce76df53d772d1e22a552af91d234a8d9a7d8a2b4970f3df5fcbdcfe44e84e6c123def1f9c00bf25aa59aa6e949adf1e5e8442ddd8cc7a23c179a6356c9754f27a75c07d92672a4911ff9c2d2c8bd9f5bda7adf0f6ede51bd7cf3b0335814c48c8de79ece1263f6b6cbcb773fb318384543480f929c5c6cd60fcf0eae9c894d7aa65a90512d2b8ae9e9cace95cd878aa3432f53845f1f5b4e45d4db35894418092f08eb4dae1b43cb115978be7f7c6e51afc661d2c3f03cd57f5ceacfd27cf3b9e9a5d199122de5974dc309afd194fa144551763e4f6ea15074db090b49c833597d19ec3ff8e12f8a43038305916d6d443ba583c729889c8db1526180c6337c696a88683b4359b1492e15756cd9912347849ead14f17493e08c896831fad3bff804f1a2a4c69bd05df6b85ef8295f5d76ad422e08b8bc7ca7d68ecdac186bd6e50ba246bdf1eedbafdfbd63d34025ef79016346b594af9472d2d80a55a175359726f55817dae170a12039e0f46c5a3fb56ae5e8234fec8b6c6a197aad865aba79da6e67492869d97827e4261ef9c6739f7ec0a8962d66b262deccdbc14585dae66b2687465698498028d3b792d2e2e8c43bb73ffa07dfc8172bc672359092d3374f97d20307163ffb68deaac8bdb6495afdd3d73f713b019e1112235da0788663b7ab6c6112bac5ef45c507ee251bbf7560e78cb76bb33bb47e5dcee99a136ab7541e9c1a9ac81f7821ca572d26876a3e3069e67c35b96fd03410495bcb7eccd2c0c5033ff8de49a14ae8bc1c3317d21f5914f9855094d3723471708caa0a30bce905878e1cd8f3843f9ce3eda5ff2c0974c51e689cfd11a8e9ef60c08e1c959ec096f997d2bdb423c331d58c8ec85c123dcb7eb37807a4f1e0578a64a0a8f3ba5b45a07b2c708de5dc24ad6a6cadbea982648a15a44b945aaa23e4ee542b85b8316a523681263df158398ef6c6eb9c942cab07d51162be728ac24241ca947d7c76e9c0a15979f518d49787e23ffef13f8afa92aaa02efda150553335c72ba58a728968186cdfb276c39a550b4b8d5d97afbffda62bd6ac1c0fc3485a489669d2cc9906901c90502e167ef7d77eec277ef5bf37163de94b28db50084a5e645c271e3ee6bcdcc36c64d0d0bd9d6ba4314ffee964e13d479f7debbb9d81a1b1ee96313abf77fbf6f1cb1e3af2b81829f5d095be43b13469a565c9fd260df3e669f6eb450ee72afd58d04179544ae4793af4c853e49f1fdef7b3377dffd26bb71986d51d35d49e4fa15c7ac30459e243331547ba127e9385e239db36ba5770c6f139e65ebcdeae7e7d312895adb3df47695cd71b9e4a85320c69862f2cd5171adee289dacea9daae896139f665e6ea95eb609a56c5094d39de3a66dbb988d3acd2b13d1603f9e392b064893e2ea63811b89e699693ac80f8139478f59e758a3fc462360b1dae7ab3b6d6e38833080e662e48da6afedaea9790a675a49917d46224d3774124c311a5619aefafcc0fad097a5e8f1a36e391de1f537a6934e75aa6b40e38d59984110d5c83c71eaaca412f73268f799d519398ee834fec7df089e728679fbff7bbfffebffdad5630c6836874a432502a5e73c5d63bde748534e94eccd57ccf97de92635b18732039173ad7efdcfa9b3f7fe7affce70fb3267173b9d0505d08e88b6f12462d33aa505e26f10d4e4a16698ce6ff66ffdab17bf75e7bdb80d3e91fc403b65b1dda7de9d277be4dca851e7d514ee569992c1d8444bf7774d7c84fca758a54233201a074f5906835ad14719962f5aa02a7f92239e0acf8edcfcdfdb7a903d31b66683a5a3366c4b132e9c7e45d63eb45030fee2be75cf5f431833c7f806f08668935bcfc58c9cf2baeab4c3e54dbe39547acdedf356e09114f98379a7ea8d71e369baa77807c5cca8cb6e9a92e63a316ecf881f0699243213a96c82af91e70a2326b0a56367a1ce8769ab62fc884b15428f42e20264874326084a5837f2619a07f732315c4eb9291b3316dc4292fbe64010f5575dbc4b217eba4754133cb9fb209feaacd86a9bf8c3ca2d23fd1bd4645328819c4515389ed54fc481d659546a88aa6fb7e18f2b8e975bd11445ea054378a0e1e080e99f38f3fbdffa39fb937e7daf29c4937e95d6fdd3d54c9cbb3b475d33a692a4d8c0e6c5abf4a5e36f30b4b230395523187b108927341206f89d1a181e6ec6238200a662e0a44efba31cba26a3de35d8288aea09cbc53739ce487adcf3e9ddf3e37eb8c4d6497d0c4631663e6256bf2c3df6a86c4359645cf4e312aa9b5dfb4db8da15da3549c31950e4d1d267262d37717a0a699fa6c7a0d3c153c5405c04c733a6f1d9c1affda770effe445dcb0dd5eb113a3988f7291cfa9726d720e79fce4c04df31e1be93390dac337ad7b66cffd03c1b8c322bd391d0d0b74e2831cdf966acdf9859a921c223ca927911ee2a32876f45461081eb711a0a6a1ec716658d2e76189e4744f395546ca398bd684304f694a347c325ef68db1de734c2208e69742d3ead603e5e598ac4f14f4558b3289d33d424ff16c468a4457cc3489dda904f1b848abc83b36759df845aa5c903657a892251ee9421475957a5757c784d2bffceb7f22b53a915e63a940022f5729ad5e35c398583839ffeeb75c7dcbb5db5ddb2a15f3a5528e0a3a3254895b7a9b06bac641725e77ecdebef167def7f6bffbcc971b7edd9463113d9324e9de5aa0e3723dece7b2410e9dccef7dfa7065786c59ac466d676434b7a978e441e296bbc66fa3ef2a4f39d2067ed81e16968d2899d693341b9321ad15fdcb52c35409d1788cd1d308cc94e3b7742f4875a0ea3a76ce755cc71a37a85fe366a87ad8f5dc312b935b2c6dd78351f5c8dcdcc448af789f3a586ccdf6956f5f3af6470f574abc6632538e578d4633545f2d995d9187da0f421db9a24c8fe9d28dc9ccbbb3d610297f0b6c2338bca4ea0310a3ab23911cc28a13e561ebf8f1a89833fa3a90d2ec376bc1d64d46b132d9f32c070bcdbd279d5cbe7b30977f057ed4f78a795d545c165995ca2e87ee5c171d67e1a9320fc5d8208a48292fa5445e5ea1bc7248599a144f3cf98cd069381ffacb4ffec11ffcadea11522d9a798771ba65ebbaa14ae19d375f79ddae4b46062bb665d8b685a6a5909cd7092bc6873ef0de9b3ff5cff7cd2e2c0e542bf40c9a531a466f1de07d4a0898822cdab9a79fdeb77edb62d1acf6d8603e77d1b8f1cd03ddab4d546e51bf76c8bac00b5956604564cb62a6131534fb68eac6e8c2d3caf1a9ab3d14562c6e7a7eb990771cc7aa940b8e65c9cf917ad35a912a474ee9f510de6f65bc7fa269f8cc8ebbc2c82f5eb3dc178e8b890d617c5f88749cd28def223d8dc0b66dafdcf083e73ff642692447e488a37a88d966d26a39fe5c43ed556729b4969c741e209b1c3d52e751a82bb10ad239435f1d1c7ae3ca671fde334286fa76bdae09b2c259dc71d564a990ef35e4d2d9f9f0a057b273cb6380627ebededb2da64abfc905369bdeaa73c7a9919a494295a6566b0ca85b32e2b6b9aae161a11407474928a8c51fdbf3ac7ce957bff93d1e90c897a792fec4bbdff4cedbae1d1d2c1f393c27ed9eab766c94d724c62e48cef94aa8d6b7f074bc3dbd35da3bc42f88e707fdee3db7401e3a60bdf1d8d162a14248da15202d84c20c6bfd3ab7f01c11b9eed66afd7aa1c91b94725540a455f9b9edba88ce289aaaee16d7cc14c9344e321a28c99152909b9b3d290a62303f55ce8d948a72a82fe65da3d777949b5c582223b90671abcbbfbefef470aec1e2853b6a756a14390ebdffe9f0b28dc7586944f7f3e6d952a1c9f1b49d9f7ce7cac2ffd977d743a56299e495a7494557bd9d4c134df94ca4ca74aa14b5aea39333c903f3a53b176b4ed5e9ac67ac04cc71dc2bdfb8eeb2e78e7d2f189de8e5e8c80f3e364bdeb6a15999ded05aa3d915b07cee98bf60b8a33d0c0e323f574fa73aba2257d4302811afaf8a0267293f4cc8915159142acd40baaf164baae5495fc7b2996e98ca55e98fd00c84aff4874551404ca945e46feffeca3d9fff867c8f1f72834437eeda7ac5e51b460607c220bcf6ca4d03e5a2619863c315480e383fd8be65ed077eecd6dffbb3bb558bb31e13b0ddc3ae61b05eeb40032fee4fdc0b6930ef0bab27e7a2a1199d97db1dd362ab5756c6cc93b3b46867b6206fb028ec6d8d4b9bdaf7f87ce0b85c18224d86eda183349e20113a5749ded98e502b29e4a79bb6456d6b9284bf7c456dd6c97dfd197f3f1d6a5ad2c12181961bd6b1804435d29ef748657ef68637dbc42a2d0b94e95ad0917f7031bf1879e464280578fe644deed943f374e64bfbaf7f4b598e0b6985cd8cb715efb8937fd76dabb7ae3afc97ff527bba5e35f3c23594a218a2a3588d94f440906644dc25df721893434d676518799c9f0f879e79e2d0e65d03cb6292eaeff2e8f88fbe716ecf274f1e1fad0c19ad642fdd4c8191833572257dfed637ae300dab559d8864644f70ff891fcc1bb9913eb68b5a87c9badca238ac17d1ba672e90641eeab4c871d6324881be1e544a27bc692b491b42f2320949fbc8ab1a41aa879114223591aad6b3e584139ffc7ca4f3bca9e737eb0d2fe201b3685304f77ceaebf77cfa3bc45591d4c9f1e162317ff5159b2ebf78dd5597af97de8f3c6d136303f216d5d1e00bc21982e49c6f27cc346ebf71c77ffdc8a76bf566ce75add385dd2dcbe82a50a86a4ad69b61ffe1445e138ba478f0c4c95511d7f577bb67b60bd5d2aad185c373247b8bd49bbc59f72aa447cb9928e2b93c5fc70e3a3ccf94b362c46e43874d4e455a8194321e48c7a0c64a41be325c2ec85b31e73a3566ac6f1c9cb9e1d219abb06dc3de67f71fd9b3efc0f38dd29cef2c9042c01c6ec48225474c314016ae1e3879f31dacba725a7437ba563d039a5e78f499fd5f7e2c3a6af839354dc354505f0e9daef8f843ceb6ed8706a7568ae5090b69cf1b6ada175f36f53b2b17effbe6fe2f3fe11d3d61d64871c970098d2b60f33cf1c69c66dea155b270c996dadc02fde491b56ececa9e2d7914fc9cf5e5c7c28baef00dd359fe71f2c46ddcb1eeb7c3a7feea2b879ee423d4356d43cdfcf81e719a4bbbdd23efbbb35c199fcc346b20d9a5afb5d9a5070e144a7d96d4c6e5abbbbe5bf2946bae368fb801cd694f5364bca7d6440fd51d1654751c216c122e85b905bb64bd2e3ca3561d709d80907c4d439d595d1c5c2ddf4d93cdd541880b3389787254e54c9a46b95434a9aeae47724649194e7ee4879177fcc4d2c103b34f7d6f8fbc5b547e831f90b18137dd7ab511d25ffce9b7de7ced65ec02581e04c939ffb8fce2d5bffe811ffe0f1ffa5bd372ccd34d541a26a3cb56a4c749567d6371725033aca37341188586692c4f9566b6b57155e1bee3946412788350d4979a7d6e62b16adbfadfdc548f076c4e74af9828d4f1895864984ee932a250120c96aacc64fb9eab7d74ef60b1928f1b324baf65badc24463e9226f5e4da359362cdb679b214ceced66a8b0b4b3cd7e046e4abf996729ecf4cb8f9a171e91ce98a61915e5f19cf06c7994ec2f783c79f38b2bf31531d34db5d9605a952b29f55fef7a75e78ef4f9473f9ea72b96dd70192bb3258bde92dc55d57ce1d7c6adffcf1d9799ff97e538e3ab982b36245796ac5a05b2ef94173ae19341f79fc9f9f3ed12c8cb9bce360966df29dbd853b7fb07f6cc39ae579855475a47636bde1e2df5cb5ff81070fed9b338e7996e9f9c5a2bf7e8a6ed936551e993293ba76b12f4a33ba157ee7e193075961b8cf9976dce579d569d3b5e9a90ffc5441affbd279df51dac2d5d0e8623f893111869e54ef881f7ce2853f7d6c4d58ca9fef038a121555d2412d7d53399042074e937edff291481f61a93bd2c7918ea7fcc5e2ca270f55769cd66123ae9a207dcc20929a42e5451dc9cbcd97afe5823a39db2e8f4af7f792f52b66a647afdeb1f9fa2b37cb8bb354cc5f20d367909cf38f7cce79c7ad6ff8bd3fb95b5ed4dc388d5dc49625ac515d6ee43489b036393c1b06c192e338a247bd4f63cd98aab6430d914d08e8b7c942decde7ddee8ecdada979bd45398ea9d4616d473ab6769f9acfda7bd31c684a1c2f9c9c6a1056344494b4c9340748950cc99fb6212e44926ecc42395afaa1d0a2463adaffa823503f71f84b8f18b46a19d9fa9f7ab669a828ee3e3831fdb927df78c7658eed901ea372bbc98e3c04a5e1910d43c34a498588f4921bd3909640bc46441ec882e507470772a3b9c5a7f958571530f9e751bbf085af3ef343e3e56a6579042c5e85ca06a7676e5a312d78204225ca0111969557855b9463268f0deb9e8ba064f1e8fc271e6615bbaf69d17f5d8ea8542aa4526955f01469251b4a7bd40297e6cbfc42ad7cb86986113fff6f2e290b667a1deb29baf84b8b50c45e8dc1a2883079d5a89ee65ca7b4186a89916acb2d9d1a1508a62a05514461e0874124552ae40dcf369d8989a1861ffefcff75ebee6d9bbca6bf7bfb4583d5d28518a7c1087e3eb27ef5e4affd9b77fece9fdd4d1adea9c54387976997e438aafd549313d66738a2ae23f61f0bfce3c74961b07bf37ad660b24ac7597d9ebaadae6596c1ac3e6bb66966769bc6fd95e33e9a82987181cc8e0a992222910a3a35a2d69e7b840c89858d6b07e5e764db56662aacc411b3a4ff23a1911022d39f27ae2d4de39a9841e87ff75b471ff0564d15699c63dd5edf4384c94979c8fec8238303f907b7de7079de757b845e920da7090e6ad457595ed2d4b592354f693b1de94fd86671ddf4f8d0dec76a84d8dd1baa14c8275f18bff8fee72fb9bad295daa4bf5d5a744739818efc10f98fd391ecc75a6adaca7a6b2ecd7ff49e83fb23555aa25fd96fab1de4a3cbcd94ecb9ebfcd6dd6f91ca3750291e2a1623fb1c4a0d7e51752c92b55f34911e6e305d065be57fa41146f9b89116ee11aaec0157cf4aff4f95435dac37235dd38d2cd549184cae5d79c9a6f58dc0fbe977dd78d5651b27c706a58ba8aff70bbab80e24e7bc446ac6cdd75ef6477ffd4f0b4b4dde1e02e8f2f59d7a2579771f4e5385db982d42d663f19d5e3a47c9f3cd91837b1bd5952a50d09a20a069279a42a538533a71b8ee16d3f7192c5ec729487725cd76d5adb86630d13352711fcc5e7a49b5d92e42a39daaeb71b2d2f57203766afbebcdeab89c0a97e9399c76da775c2125113ada3947a22a98ed7be8b1bf7fac58a93292885ae78a1f42ca84cc958bbff7f5e083e1fd5baedf5c2e55d36fde5d97ba4f07204ab36e0a21b9dcd0eae22132d72d39ea540ab23050fcfb6fd4a7261e1fdbb0d5d0eb785a35085ac91bb43d9fd296cfd6116e67960bb2583ff1c98f3ffd8923d3e39553f6dca1fd9ab1d1fe2372efc7e5305aae16a4fdff2a47c0965f3cad2b3d525325c90a2f91d6a66d5d1cfa5bb3443794e9133fc87595512536da778c2f0d5d5655698af4e823d515c93083506d3fe241b0d490eff7ea3e59ac91bc33b57a7aa058b8eaf2f5976f5d77c9a699f53313839592ea96d4ab943b24079c675cba71f5afffdc3b7febbfffa3af2666da835257e335df4f5ad3677b276b67409a679ea1ee2ea333c1560ddff2b2389e2b3ff5c2dcba9d8d9c5be8ace2a85f96b35757fd7b1748d1883f99fa41545b0abaca7165179b987a1620d1815354fd57e5eca56fc6d4446dbaa5c0271395883b051e4554377489b4e0a483a7e8de66dbad4a72a063cd08c3e0b9879ffabd4f5b278bd5917619e7ee7ecc72ec917a747264e08fbe6ddc79fcb137de323d309e943a6df51b3dc5284c9745e128358aa5a6a352faba17fdcbcf1eb1c933fee89fdff3ec2fbce7d9e1956b0d23d1d4ec07891ea567ba7e516f5a5838fea57bf6fce30bab860628e57d2d7d96543023e434e5d3ced43f90ee1d7d91dd62cfe663628f4f88fe33913a2d252e089a066df5293374944c25eb279243a57f1ee96c0fa61305221d1a65ea5be8347d79a946da9fa6a61145a2d60874aa4418f9d24e31032e0c262aa582dce01b775dba61ede4c5eb676eb8ea924a292f35667c6420b34b58160ac9795d90cfb9b75cb7fd0ffff21ebf5e4bcde1d6fa6ada32fa1acdb0e9f9c5b88e58525e5115fe92a3368b6cdeb6be683b20a493917239f29d83d6b5b3c79c891c4b563666c659c106872dfe14a5c5b8a50cf14271ecd0fcf4c620e9daa2b717170289cb1fb3d34e20251e11d14b1fa9a52dd4861748f372619e5be681279f8f4686d45456ac2399d2c45d33fc2db7a65d522c8af8e2c2a1ef7ff907773d3c385b1a1ad1a95fa7da11a93a842c8e94efda5bf8c1df3ff78eeb66576c5d974fbac0896cfbd1536c81a64558a4f0575794738ffacb252796b89122f9d6d21afb632ffcf46dfec8c68d71459caca7d8b3846beb9baa196d2e160fedbbe7ff1cf8d8ded50383a6cd4f59889392a091962013a76b0e7e3ae4b16d2cd4a3e8150f18b594a6752189b8ca116b2531537d110b534ffe477ac157bcf68a27174a94ea1697a242849a8d64716975aa53a069c48432777cae436442b9c5511484919ab78bd402507372bce250e31d6fbee6cd376c2321dfb076627a7204231224e7f5cfc860c90b83a81164aaecebf84f4b46389137d0e252430e61aea39440ba06b55ab356f7e4bd6a5986b2db683a6940d21c603d06e58478be3178647fc32ad54bc57c57c3cfa61f1606ddaabf1890925ec02278c0eb4b4bc78ecf974b857cde7195f050d332ce2eef93d2508d13b41944c703efe0c1e3352a870fb2148acfcc19d7d71eba74fb249b59e7da399a298ddf1520a29d0e5918458b0b470f3e72e02bf7d7ff657e051d500b55ce64a25bbea628883b607cadbeee99cf1ebdf6d1476edc313cba6185ede44966b552bf46de69708c7841b0589b2bf90d4a0bbc9f3871b2a248eeabcd1cbdfbd07bae7ef0921d6bdcd240cf8246a2c3bba1ba8e5a503f79fc85470edefd1dfe80bf7a68889c5a6fd4578b48a316349a413ed733e623ceac8ca788f56661a97eb2b14882c2ab104c23697e36c9167352fe8b128db8901f3554b7556992184cb73e909213c790a97e11b57453045f0993ba7c42410d11fb45aa159dc123def49a75df57464dbd4e1a5e616cf8da5d97e61ce7ed37efda71d9ba552b465cdb668c225c06c9b9b090fefbc7feecd7fff44f3eaa2735d2e6cb493c5b29476431e3d889e64063763e9fcb17986906bed75caa079e470cbfd9f4226b948ab6dd9e4c1ae8ea9a16250ba6f3f0a3fb8b79cf2f55f3e5a2e3ba8661c65dbfe64fcc0e9f7c62ad5d7a305837a09b9a50c7ac58f6b0b9948b84e3052c48b3d1843893a14b27e48a855a6371a959f7ea81dfd8fbf0ece1f90db9b2aad65260f4077cf499c70b5b5e38b673e5a39b3714062706ccbc63a8069d2e6b15e2a76d6f4cc5403c6ff1f8fc137b0e7cebf1c64327060f3953a34324ce693dd3318ec811884cb864c91dfd87fda3dfdc7b6cdbf8233b37d92bd78f152b25c3b129b3ba842159ad226d6429c2d2c15c6a1e7ee1c0637b16be736280170bd6298e80fca03cd9174dfcfed7ea573dfeccb59bec8b368d16062bd2585015f833d5a3d30f0ac366f3e4d1d9c71e3df0e01e7efffcd0c94a75545563397da44cdaf7c71696e6f73f1d55276cd7125cf71bcd4c0466a6ff5a0d6d5aae3069cda58541d0acd73daf161e39145a1b5f858aff9d9db1531dd22df562a74f95204a92bab58c8848e9489a494255731f79c284120ca612e8755d4f515ff2a44fa4960e9c5894365b657a7ccb9a691e043ffdee9b765d7ed1cce4c8c8504537eeeb5dce039cc5191442e0289cbf349afe2ffdca1f9e2cddda28567334191d12035b109fd1158da37956f798699b266586aa7c1ca889f63cf1e66865d6a95ad97e25d95b9b908009a7de9812c7a86912db721dd3b5550ecfe252280d64d75f3a5c58513372959c5b2ee6dd823bcceb8374c197c6a5606736a0abc97fe9722947a4d668347c5f7533961f1de685bf44cb470a6366da75452db9a7743e24b4412ad1dca8e34fd94b5355bf345a2ee4dd921958a674aaa400d9dcb4fd489c3834f7ccf3dee3b3ce3e2fbf64974a3992272f69d642eec01221b5062978b549b736936faeaa8495b1925b728a16776c257ca11fd5bc70c93782257ff1c4c2be45737f23375bb38eb3219a278326396d2119fd35c9099fb80d6f8533b7a9ea6f9860e5b1817ccecadb91a1f3c8fd882d7964fee8dcb3cf35f6cc39cf79d546dead38c4e567fa052342f2e1d24838c75ca9db7e284c6d358896d88876b25fc7ef1985d439c1919057538e377deeec2d8c9be28c9ca3d9884c1ffce267be7defcb166ad3bdb2e31557f10eeb56e426d7b32f26b394fcc47e31678d7acd0f03c6ac46d0d05f84111e562b55c7b4775cb276c39aa9cd17add8b665ddcce4a8e0bc5a295ee00966901cd041bde1fdcd5d9ff9cabef5f542294f5b0da4939aff8cd005293c5c2c5ff2a7ba381ba490a6ef64ece756dd632137d7146489c769c04288961ba4eed472a5303320ed7693c5ab03a9aa32d9e4849d6e64d733492a7f61eee4d289f9a576108ab453a5d5421c43658ef14c6a965e05a1a2ee011172c77c293f1e61416091d011814975fe1965a16187d2892356e010c7544a639297ad168b92047d58e437153e31fdd020914bd43e30d51a8c79c2f0a91511c60d8b384489355569cdec6cf621fe9406219efc8e4de999f916e579ea311d060a99ed0b537e4a2865c65435b0cff60bca9d69ca8b277a790e48a452e4d5c93ac37d782992b33cb646d22c111d31d4c132aabacdaa46864404220a436a70692a4541e8eb9c661572e3c4e451383a5cfde19b77b9a6f1e61bae50fd0872cea6f5d318551058037d71246b6e65fb7f20da53c949dd1311cf46d053a5cc70423a96a5b41a47eabb3912445abf1595c3a3ed5e69091be6c4e880eba8f2ecaeeb7495f594635fae8f7b1346515ccf6661a9515ba8d59b4da19be85458b2c29024ab5669dbaa8e73aad244e7c4d0d6d50be4206e0bbd005c4d1fd8424f5ef8e90868e8ded6eef27e3c2f07426fbf4049c150854d45ce540789387e1a1e3474f1344a7a776e3eab4f29ca1f9388a2fc5355b36baa8edbbacc97fe76b997f005b9ced6b65fd65caa57c774ed95181da79cc4c7db5435cb552a9aa18ac9aa355a7ca9d134b8197a11a92f9082b97bd7656b564ddfbc6bf3e60dd31bd74ee75c1b5332901c701644cc9d9ca83e71c257b39f8ca469c1b1ea88d3dd4ccb46adb85887ae6a281f334cea3aaa4a57a55428e45cd7b58c7e1d8c7b8d4161284d4b953257ab7bf24757010993ee94547565cedeeda2b39d41c75816a7a8b53bb6c5fd40e30aa182be4689a894bc1a35fe5b9f8264db9651a48b2425b3f7baa2abaa751645216562c9f79b9e6751169c5c22cdc09918b9fca2558c9a77bee5eaab776e5a3b3d32542d9ba6aad4c4a034901c70b618aaa22d5bbfaaf2ccecfe88eb368869fb6671666947adba263ad6a51760336299a6b48407aac54aa5a073cf743dc733be45a5692965a6d1f40f1f9b0f559704ddc054473c74ad9dac708876267367dbb878fd5e7bb510a119ff47b41c3a7001c98d768875e71a7531797ed86c360dc17cdf8fc2809a9608c3c26061c5f0106f44eff9a93b2edbbc76e3eac975abc6e57b5dc77632d531a036901cf0e2031a76be7ce9faa9479f3ac4795c4ea3a37f738fb7b4b2d4e2e594ed9453522a162aa5bc5efb226cdb7a1196a0f463f61d3abe286d4c5dca86992649068acefa64a4734148bc0f71af9c38d5283bc7449305433abe97f414c8ac9704e7eba54b4f6b0fb5a6f7546fd92052b59c691848e7396286a92e5135dd670c8c0dfcdfefba25f2c3abafb868d3fae97addbf78fdb46120bb0c92035e6eca3972b24ea687ed3d7b16024e1c2797d6b28fc7659a242265426849c44da4e570181919a8148b39db349c4c57cd174d5c7b46d5b967fd57e90bd2e1ee74ce26f57a4f7bd127ed7c2578757c0cd29679da9579473b05a47739b6ecb9a4523948dc208026ad02e24a66ca87e1ea471537635cc58a8588543d6b423ce9cda82c34426a356219ffcffb6ebbe1eacb79148e0d55365f3453ccbb3849901cf08a135704a686b37155f16b0fee1f9b58974cb226f562da3530a34824a57129e511370c637cb49acfd939c7310df6724da2da9639333532b7903b7a7c41f591638464837ce2d4c562d42e3b9629c54f64b2b799ae5ad2e41635ce13a1a1aa4fa423ffcf4ca9f6611478bef73af04932d714cd147d6b053cdb2791926ce1b76e05d2dd5f95774274aeb5fe4da7dd191155cd35d4952a78385f534b38a3469d2cd448a5b865eb4503e5c29baebef4da2b376f5abb42fe6e5918c12039e0b5405a83ab574e7ffe8b5f6c0e8cb9b972bc2e5d952714ed5694a669aa5e93855cb994b7541e00b34cf395984495aae3d896ce1d227a7e57f40da988e5056b88457c47bb6549e29dfe67c4214f3626f30e63e783e44813fee48258337cd0b023eed3f9063be09ff7411e215a12a28b8fb5e6d944c6056a1756ea59853ac94854d5fff59a7f5de6d50882e864ad16a95a06916834894549c44dcb9d9e1e17a1f7f637dd72f5955b564e8e6c583d15cfc75c200d342139e01cc56064a04066178b6f7fe3eabbbefae8d89a1d4c258926b6a77483a68a6eb194af94f24c1ba8aab4ed2b3c70b7ece0eed924ba4c7596b114b0a5a0fb413fa0793b19f2a2b3d88dd7c629923b5ab0c2ef1f33b878559546f4cacf7ef94e6a9a862f322e0d6965afab5465a67b942575f7da25b05b4e51b286a6c945ade10916a9e9198f1ba6e5142cca180fc80dd7edd8bd7d9d1495e18181dd3b3649111a1fa916103483e48073c5a0d6f7b2a70bad9546b6d41fffcf23ce09c3b2a9616f5cb762ebdad185d0aee746d43d6d08d3a0ba88612498b1d0204dbf7765ca5e6dd9f4da5296b579bb4ce0f6fe48095c31e42ecece7defe1a76dc78af5e725e6978d54aa85b1bc10aa2ca6631867e09bd1b814cd6b925f1009ea9a5e78b2c144f0ea7c62abcab5744502552699d25722a3af551629534336ee93aaaf2be131a76198bde7e1524769a149d608d3f70329507e531d9f1fb9e3baf7de715d51f9b0c6e60d33d5721ef7f5eb15541f38eff9da1eb2ef38310da2cadc46d183dff89b6f7cfbd19ffe913715c6760e562b216741944882fc25db40c530b45c2def98d31a5932d1fa48353c2071dfc7564e40cfd13c8c9254b4dae2fc6ffdd6bf9d5f3ca16abceb0150a76e67168df76a79d28f35d31ba62fff51d509aed520ed943120b9654bf50c13f455149d56e351799c0a226ceefd2c6fcebd8a9faebabc10ae67d8b99a907fb93f80eb547955c54df03826a6aea878d56eac3cf2bfbe50136ef11231ae9663aa77f85e1071f927e74b9e9377dc91dc9260375c79f1a55bd66fdbb2a65ccc5926d61dc1cb01e703d76ecafe65bc73d78faab46953f28adcc34b4d9520775ae47054cde79f7c70e79f7ee49f4831ad92a39540c43de5cfba627e1fafaaafe808b5ecf4b5723d55731effbec79eab2d1e7b7d5c66a23d3b23a8ae47d1f27fa96ae4aa048e5123e2b4de68789e274f70d40c9529244f7e104caf9cc8e70bd7eedc7cd3d55b37ae1e9f1a1f2e17f311e75d8d500124079c67e45ce715dd7ed1553f6786fd8e37efbeebe35ff11a0dc7710cc678362a435f6a9b16f02a4744742688f27094a7c348dcd32ce4a2e1ab62433ce25ebd29f528572e5606ca61103955f7033f76cb9ae961caf955db374b8d9196d0e040b1b5450b07159203c0cbc8b6cd6b36af5ff1edef3f4e19cdbbaaec1957090caa1c35d71ecf99a79f092c187f4dd586eaa212ba74a9f05532a25081b228e03a175a0a100f0533ecdb6edafede1f7ae3ba9989280866568c8d0c5770da002407bc4a544af9fff8cbef7dfbcfffbeaa67cd39898ba2b5bb979df5c077de4c3cd273610f5ebea3459322665c906610c91fb59273718904cda15553bbafb88cf0e0a7eebce19a2bb754cb05acf907901cf09ab17bfb451ffca9db3ef4e7f7d479902fe6444422c20d3dd9a3e36cbc954e7bae8fe1af29ed12462259f422742f369ac98f10ed45b6521042913457a64925ccb829048f13f992255369230b116f38497d166a65b07cbcdef01a0d5fcdc5343c1245ac60f3a65f1d1d5cb766fabacb36eedcb661db96356343956aa524dd56f38cd2080124078057925221f7a66b2ef9e30f7fe6647d295f740c61e9251a5c2443e5eb749412afd45699cabf880b69abd91411ab4aea3b729dc74e932eaf71bbb5a4388d483b53d064712e57e132c6741e9ac408a3a8d66c842a5e6606cd407a304e393f34585555cd06c44fbdeba62b2fdd20dfb76ae5d8d4f890dce8e04009973780e480738e4b36aef9859fb8f543fff313be1fe6b4fd1c121d651356a89487a3efe21939795aa5e551d335ce38d3a2917a28717236d5fa11cb8fa9d586731ad7e4962a63aa060866a46ae005bae20c8d7810caf746a1fcf1d43931e2a20091e15ad75cb7f51db7eebe6adbc561c047864a526650ed1f4072c07940a5947ff75bdff0f79ffad78347e7cc1c318db8060263dc8888a7033b6798cf7de1ae21d38bf6e3ac0bddee9250aedb4da8c3182f81d1514a432d83616a3e5fe9922a7da05b341355b141d53f623c927e4dc84379cc997c48ba35f2e551cd238dc0191eb86ed725a383a5db6fd87ecdce2d63c355f46006901c705e3236321806c23fb1104d0fa9aed5515cb32652b3097add3a389d9743756770ae1b4f30bdce49e852124c47d7927ea142498bf26992ee656ae246305558862dd5164322c290925ad328e57818e65cebd28bd75311fddc7bdff2862b368d0e95a57160e80a136894092039e03c6678b0fc5ffedf9f78dfaffeb1e0240a554750359dc0428ab53967eae5a8e3a40a2f8bb4df515a4a4dfb37424df150a9498649a5b2887a33f03c8f18cc6f3649dd2785c2d46859153123c6bb6fbbe69a1d9baac55cb9985b3b332537502ee6e1d000480e78fd206de71f7ef3aebd078efeea6f7fd8cde74b951c570d5008837f73a692d3fa572f6da28cc79500e25e334278a1c7452022ea055e1409cbb22dd72651e4e68bd7deb065f78e8db7dfb0d3362dd334a62787515d064072c0eb1c39cc4d4c0c8928f44540a9c354b9372ce038535892d6acf207b8e02252b5cd04e552b9a328a09c04d26324411406612da479f3d77ef66dbbb66df21acd4b36ad5ebd620c4e0c80e4800b8e1f7ad3ceffefbffce2affdee5fd7eaa16b5b82440c3505ce80646645a5a0b188474bf59aefcb436745b525e298d4b645c82fdfb4ba58b0df71ebee5bafdf39a13aef395892092039e082a69073d7ad9c38395f97567b7e6c308a842e7e4c0884a7a52e6d8521ba5433f57cbfdef0b8aa8d1991c52631c5d0d4e840a51836c2f7dc71c715976f583131ec98e6cc8a11d3304cd3889b980100c90180948b853b6ebef28bf73d48b8cf88c1e3cac4e23c949ce53d96db4f64da919176af85b431334d0b6bab2859f2b82e02c0753b873008c23092bad368fa61105ab699775dce886b899b6edc79e9a699b7dc78e5c4e8a0e7794a6c2030009203403f765cbaee0f7ee3276f7fdf8117f61dcf172ca656bf9f037a13fb1567d03b6a59f33a9a2cfd1789fe88f4619196a5d15b3574c320291c4c9703e04297d5d69531e57f4346221192901ba1ea2913e846462cf40266b0f7ffc82d6fbbf92a799c46062b9b37ac44b80c407200380b0a39c76f78aa1241de51cdbcb878ed036bfdc426d336bbd56f21f64f92a265c95b5b09653469beac5fc3e25531bac08c0e219a94c6f56aa477630b11494fa55ef79941c36620dfe596f27e3d5cb7766addaab11b776eb9e9bacbd6ad9a907e8cc12033009203c08b6274a8fa0b3f7efbaffeee47b834f4c3a4f5d7b9b9ab22ebcb24252f13a1a16d256aa90d8bfbd0d156d08d2a6d516b8fd47f8c28104bf57a10a9326662b141a2b03436b871fd340ff9db6edeb5edd2759bd64ce66d6768b054c83b9c0b04cd00240780978a651a6fbbe5cadffeb38f363dcfb46dd33c8717e7a40e98de439a06cd9262ce1d5e50ecded00eb50a44b8586b485727087958f3a4b753ac149d824ba2e84d6fdeb575c3aa6bafdcb271dd741846d552be9077716d00480e002f3fab568cfcf607dffb4bffe1c31ea396eb8a889f9bfb49d3e5966939669d1b20923f68a23449d5ff38234047d554314dceb9e7f95148550d341e9aae71e75b77bfebb6ebc787ab36a35b36ad821303203900bc3a8e8ef9aedbaefdf8e7bf71df037b72dca2e4dc0eac89769b85b8d68c6849521c6cd3450022ced3b4012e2c43beb2e2e4de70c38e9bafdebaf5a2953b2e592f3506b5cb00240780d780d1c1caed37eefad6834f366acd42212fc4b9185da3698a3349730268921f209d185501800ad51f406a0c3198eb3a8cd2522197cf396edec971ff77deff9f564de4e2f66538e3004072c06bc9db6fdef5cd6fefb9e70bdf2c14ce097969fb351989d1ff2adf26e249abb338af99194c098920a56a31e798f99c2b95866a453218e3945821af946c0395660080e480738135d363375d7bd9a7bffc5dcf0f2cd33c75cce9557082e2f919959a26744eb3f660446bb54dac274250c6caa5c260a598736df9bceb20891900480e381fb8f9bacb272786f6ef3f5229176ddbe49c2f5301dafa9552faca094f2bb0c7896e8446e2b5349c1a5250987ca854c80d0d94a80e9d41630080e480f38f9989e15f7bff1dbff01ffe4a554796e3bb969848f558568dc5d4f54983b46d288f04a149871841692ff787b6f583661f14eda745324343332f6ecdfc0b12458451c7754cd324828f0ea9fa98a6a16a0730546306009203ceefebcf346ebd7efbbab59f3b7664be198472a417c9144a22076aa5beea7c29462af6629396ad446f92b5ff9dd5d904e9d619915dc599560a50a5cc92dfe2997fc332d58d502cb879d7c9e7ec9ce330437ea680cc0000c901af2f47676afcdffdccdb3ff01b7f2e0877066c1186868aae3142e3e204cad791325371d921cef44a18d15a73a997c8b4d7665291cefcb7d66faad898489d9956691d3d2d2378a1e05a9659cce7cac5bcfc0853694f26b50c09cd004072c0eb0ce948cc8c0f477e284464521aaa189a541b29368209559a20223ce2c6be93cee864a8af582a923a9a4941cd4471a8d69f749d66ac394a676257473a34945a2693ff1d1dae16f28e74718a851cd2970180e4800b8bebaeda7ad71ffdd2cffdfa9fcdcfd70ac59c726c38917a43894549c0f43cfe49df9c31a2268957ec0b9d3b9646d568926b26d472191e173a23aaa201b51cabe0daf291a1817221e7da96416370d00180e4800bf42a348d6b775c3c36527af699fdcdc8af168b8eea194a29574b60a4b7633062a97436aa2e589dba46922a0082eb62392a66267f18b56c8b515accbbae6be7734eceb10cedc740660080e40090305429fee24fdefe9b7ff8774120164e3623be44842a4fe6165c460c1189a617a87999882789d434a90ca0e7f949bea0b2cca4c0944b853883d9b6706d0300c901a017c542ee8e9bae5a3535699ae63f7cf65ffff6e35f206124ec5ce84bdd89a41353b6c84264da469c30201d23935231502e488d917fba8eed9c4b1aa3cb7c462187670540e7ad716ed6b602173251c41796eaf2baf483f073ff72ff473efea572a558298e0cacbf63a8ece4a52f639a8cd13881f9dc0c9885112959e17b6f74f20e540700480e387fe4270843d33474450084cb0038bfc10d0cce690c831986ad7fc3c100e0bc07a5a20000004072000000407200000000480e000000480e000000480e0e01000000480e000000480e00000000c901000000c901000000c901000000203900000020390000000024070000002407000000240700000080e400000080e400000000901c000000901c000000901c000000009203000000920300000040720000004072000000407200000000480e000000480e00000000c901000000c901000000c901000000203900000020390000000024070000002407000000240700000080e400000080e400000000901c000000901c000000901c000000009203000000920300000040720000004072000000407200000000480e000000480e00000000c901000000c901000000c901000000203900000020390000000024070000002407000000240700000080e400000080e400000000901c000000901c000000901c000000009203000000920300000040720000004072000000407200000000480e000000480e00000000c901000000c901000000c901000000203900000020390000000024070000002407000000240700000080e400000080e400000000901c000000901c000000901c000000009203000000920300000040720000004072000000407200000000480e000000480e00000000c901000000c901000000c901000000203900000020390000000024070000002407000000240700000080e400000080e400000000901c000000901c000000901c000000009203000000920300000040720000004072000000407200000000480e000000480e00000000c901000000c901000000c901000000203900000020390000000024070000002407000000240700000080e400000080e400000000901c000000901c000000901c000000009203000000920300000040720000004072000000407200000000480e000000480e00000000c901000000c901000000c901000000203900000020390000000024070000002407000000240700000080e400000080e400000000901c000000901c000000901c000000009203000000920300000040720000004072000000407200000000480e000000480e00000000c901000000c901000000c901000000203900000020390000000024070000002407000000240700000080e400000080e400000000901c000000901c000000901c000000009203000000920300000040720000004072000000407200000000480e000000480e00000000c901000000c901000000c901000000203900000020390000000024070000002407000000240700000080e400000080e400000000901c000000901c000000901c000000009203000000920300000040720000004072000000407200000000480e000000480e00000000c901000000c901000000c901000000203900000020390000000024070000002407000000240700000080e400000080e400000000901c000000901c000000901c000000009203000000920300000040720000004072000000407200000000480e000000480e00000000c901000000c901000000c901000000203900000020390000000024070000002407000000240700000080e400000080e400000000901c000000901c000000901c000000009203000000920300000040720000004072000000407200000000480e000000480e00000000c901000000c901000000c901000000203900000020390000000024070000002407000000240700000080e400000080e400000000901c000000901c000000901c000000009203000000920300000040720000004072000000407200000000480e000000480e00000000c901000000c901000000c901000000203900000020390000000024070000002407000000240700000080e400000080e400000000901c000000901c000000901c0000000092030000009203000000928343000000009203000000920300000040720000004072000000407200000000480e000000480e00000000c901000000c901000000c901000000203900000020390000000024070000002407000000240700000080e400000080e400000000901c000000901c000000901c000000009203000000920300000040720000004072000000407200000000480e000000480e00000000c901000000c901000000c901000000203900000020390000000024070000002407000000240700000080e400000080e400000000901c000000901c000000901c000000009203000000920300000040720000004072000000407200000000480e000000480e00000000c901000000c901000000c901000000203900000020390000000024070000002407000000240700000080e400000080e400000000901c000000901c000000901c000000009203000000920300000040720000004072000000407200000000480e000000480e00000000c901000000c901000000c90100000020390000002039000000c099607ef0631f93ff11cb9e1042b4fe5d8ee87cd9295e70b61b247db67cfa179cf196bb5e7fda179ced8e9df695fdb6dcebed54bf519cee955d5f59249f47bb1fd74f50fd5f41d2ff5b3cb2b9a08413460dc20c62188c188c19426d80c51fc0b9fc9dca47a8fa91f0f84369bc11d1737f68f6cbd0ec1138cdf18b5f708a03d5754cba5fb8ec8de2742757f4f81eed4d9dc155244e736aceec6258be9d7e5f4dbcc27b72a687fa0c76a9df06cff0ab9df5777cb167ff6c8f79fc18a7bdf65074dc7cb4f30554d0cc6d9179b673d354b41f97db1382a97b2fd9346f3d45d38f90772911c9a645fbe3f4adad1e55372ea5990fa134be9769ba1d4b088b08a66e73799f9378dfd42020086394e95d32f4bf8c52933243ed0f65f1e0205f21388944f21dd34dc79b920f731e3ffe333f03e13d57a1a24b340859fe406bb4ec785e9e677929c8cb4168a5e1facae3fafaa6f2ea91970fb398297f916253e241310a0d79f1302934f16548458abc5c3911c905abfe6574d95ed03e8304cdde46f2c2a738a7e0d5bb795e8d4fc97e10edd08cf862e79d72926a0d11e9ef34abfa34a324edfb27b111294fb6192b8f7cdc48c776a61e144cbf86e92f2f9f32a5052955413da88603291bf21e57e2a1dfceb4f1a8ff642cfd74c1b830b89244ae649169b189471796ca8f7c22fed6a9aaf178a7e560229425ca5b9213ab4efcaf5083901a864c5c9ae7b4e07065d8c4175aec25a87fa9685dc0c9154bdb1e8d884d224e0cf5230c795dcad34c994598634899314c22cd13e9c650535e5a9c251690995cf92dff27be6ed4a7a77b40b5852552ab3fb1623a6fa41ed6256406bc7e91833937687c4bc437a8481d1c2ada6a44d3bb86099a382d9948008dbd81d82520895ba06ebbc405a226230e1526e3fa46976aa19e4f46ff5845f423b117126b8341529110f1f449fc2eaacd58111b95ca2512c9bee9dd12212361a44604d6debb4ee9a66dcda4c9f3b1fa9ce97d0ec93987111d23b9bc32a8f65c953123f4d5aeceb63ee754fbf75260b4e9625175c5c87f4d43aa0b91626329c9a14a6cb48a4847585a334499275c6e2f320837f4f52eb24a41db9e4d4642b24a73da4826cd5879983604e7bc954797c7d37a8607535b8fe888b3d02f8a43563c1ed6d55da63d09f96328f782c61a60e8c8345331326de9e9c15d3e25dd11eda95083c432a08309a91630693e9238ac464487ffc6e3305d4b4348c61aedba01a3381eaea52cbb8dacf56a086a70b5aba22b54d9161a1548ec10a2b632b663f7fddc41f903c93987158709ce5887d3a3e3c634d43eb2f2608434b0a49c98ccb0e5e5c288fadd907e0c5317980ab0c6e157f9fab015fee5fa728998f69a8c240eaccca5ee00b9e8121041fb4a8be8bcb87a5e75bc77a01080b3bd3162dbfa8c5f4e5b463c5d7eb5a6ae3d4d06581aff9bbc47fb05491cab438f289523b829443112e52637f5a7283742d9785405aeb5d311df80f17b93208548075ff5a71cffd378b808d260a068c5a3696b92859290d2201b6ccbdaa269a4bb15f116bdc7fcd67f28ed75f8f4571751ba73194faee36827711096391d7a9739ed1c2568f2782bfcc2f43b21392fd520126930579b36822c1f55858eb3a6a74ad08e2b203d4b34bd5844eafceaff88d855571e8c520e2eed26edaf3066ab28999a7bb1d5843f9557bf0eda7212ca5786fa3ae47a3bf1d48cfe689618419cb4a2735c7f0e63edfbf2c51d8d53fc05403b46a32f65920d04b3cc304a5b7689e8f027d27b24368318219979c1647c6c0797e5f3bc9d2443599a35130f7989454e0523ad1894beb9f4e485a17f514f519d4aa3a358f247de62daed507fb6cc7f154b60c4b10cda9180207f8dd47fa2acddd68e5eb55e943a295d770ecd4843aa23b43d80d0ceb7d06c8eceb2b485658e59aa0142f4b95bc572cb92764e8cd1f4833aace1f8358244a27d2a935343dbd285c0da8b35b368fb44c7de62fcc3129fbad303a02ab92b9d8689ef97aef0933e2ff1149cdc42622d109347260f4ca2c26586f25e986599d20137536f9d261e8cdc6aa4a61695b72e326ac8f4859126ada4c1e6d62d9ab9d8e88b98d8a7dddf0080d3791b82589161c466b39e195431a63458a4a5284d006bcd5fd2f6001d4f5ad376ac486b40368a141b839ce404b7236ec98dd164e2c350bf31a51f2af38aea90979a5951b7124dec4596a89dd22c25402231d252eb2db9ce997e15d382114aff8389d3d85c3d73d74ef5a2de8edd4bb6e43ae2e667719b8b5e51b2ae00246d2b8de8f3d9f1e742725e94bd2632b37fb1c3980ce57aca3f738f89965b9aa8546aac30d13650b8ca2553f79a3e27b1f165305266469138b938b24ae384461a4ffa3191a809112d0bb0c7652b68b7f865ed14005e5dcd11dab851e92cca95205cffabaf602622a1a6c275f293d07313f195ada34f7a1293e9c0b29ad2d09b908f286b4c50e5f4abc976a69d1229615244849ec854b933f146686216c5bf24ee4e3bd393778d8b190782b68c78d1b2e6786b8e45a8d058d6c102a70592f3e23487674c86342524e350c69720a7ed30abbe9a79fa5a2d1e9ceb88999ac937753abccde47d625a8661abe8197104b53991cfc679ce716699386544ab6bfa45f4374d68c76a13dc2fe0159098657f6b2f3fd269b8696ea4483c19e96aa8b96b95cf1b675b31339e66a76a86d2d2be0853d16312c796a523a27361e2acdf24ecacb71625995752a0184d6f89ccb22b95ad4b7bde1671f66f471c8a109275aa967d35258782e2fe81e4bc3af752e2a92c4bd2a0b1739344b8b23166edd328ed91370c57b9f32e61362539d3701873287508b5226de87135fbcff54b05cd985c3dacb1be2a44fbdf0c34e35d0bdc31af338be8d443ffa9afecec62918e89fa5e73ef3493bc95ba32d9bba3350b4ff54a63e9a33822cc716e2a9f468a8a7239946ba21c1466a9b96515f152bac2890e1db3f8b64927f7558698fa894370da3d0a75520d4f672b79b2749159a16984b4b74195b5caba83c23dd362c4e9825e0092f38a898d32ac3863fab2d78ba69417c2593a90539199e013c9a2e14859432657292ed28e7384e150661b126a19344e94544e0f8f22a1b296553aa4a1b30728edbcf0e9ffcfde976db78e2b5922022465fb64de1aba1e7bf55bafd5fdff3f5799261085d81118484996e4e9d84aeb7ae5f5f1204b248098f670a2607931b9fc69a07df707cb8b4cdbcdad1e8ed21105bb811b891c3d85283a36729e23c0f30428be50c326113abf864eb1a7ce8641b159084888b99cf28c4ebd0229f1f96c9c308d371a57cacf4d41e652bbeb3acefd6fdbffe55c4b926463c736a3ee085d1adf8217ea864e8ee4e3787b3eee2c7bb974e1ae99a9c84fbcf90939bf2d7fb4da3c015aa6bbb1441f6edf281b2921fdf2224371c82995f46de1e9699e0f2a29c15aca0066a63f9372dd58b68f313ead6d637acdd8f0aa1fffa96cbe55a223c7b7d78e5dea07f16e483dd4df34809d3607681f42fcad6da8e71279402ea44e35b720838a9c284d8a5b89c6ee9a4a08a1692645794d244a3dd1ce98c69548a102f4b533ac7588f8ecb1141e29eace68ecc813f237f4f25a1ecaae5ac71f4765d9c6dd77ad1b7f1e3f21e7731f593716d061dc777184d2838270743ca373cec871e6e930cd0bf3c271229eb00319da0f9a4766dbdb8eba61c85234f680b60b6aa3e0e7f1cf5d6c741a116869896c9454fa51ede73793f10a1bd8855a93cac157a6f2550e823586e748098060e5954c06beb74fd8f8c58cc245d1924e5ac450c681ce92c5312dc178ed36af4f8ed1973ac4e78f28be7faaf9ef1372eeff5ebdfb3bacb4028d37ac13ce9cb558c929964893650ea5a6894ba485a2526774f2593667a98bd65d9d2151cb1aceba73c9638f4f23c5e86722ffac4bfbf338d9bba13606df48e909f5c1090d6c0bb2358935d4fa72c0d36b8c898aff026898811b5671acf090f931c7054a48fa6f00f12d3611542a5a2dee0186b88a4bea379e6b5cc995f1d8424ee3a2a1b229457f49bc22cb5867cbcf32fb329b576e3e0c911e83f88a64a21c74d94475361a6b181b64849c9c7fd35bfca6ec414c734c9c2207d38c2965cda28a14fc14f821f2634909233036e85007492aaf8a09a701a6012e18983d7a0438d83aba5c11b56c913eb609466ffaa9dfd9b7a0eb5e017d4ea7846e5beed75d3f7f8b204f6ee4871a5b522be640e8e58ae962294c521b5c51e728651d4d1a69ca6a544995990334f7a0010c6a246292f8ef952f1bfc1ef8df8422c9f8f299e3a0b54d15321c18da7cb5d6f762aa52eea50d54fad0a66c81999282a1b774c62fd2d67a3df4ecdddf029dcb3e8ebf4d2ffe5adebe35d9f27276f06ed9724bb792051ba9f59a04b9ca4debe0329421adc036851ea4301dce3bc9fffdaf10765a5ac3e774b2ab9a6f386b3a2d91dee72ed2d5bf24a77fa009b2bef6d8d5dc502f4c5e55ac4c64a6f814a7c3141fa769161502a09424a5d5ba672eeeeaf7e3e8c2ba7e81751cb4c411f30790a48db590e99ad7f7c1072b9d19b1defafcf2ee21e71d8f08bae9b57a5a4fe7238c5c7899234d7bf7a3a3deb0ae8150992156a9a03d8b818a82e9cbb259748202590a4244515e9736c4b0e4404ff6a98d951f35cb1431b514c0c04846c2fb401cd7c1ff206362221bdeb643cc1aa41e79383ee28eb4ee92c89ce9bdd6e6370227bfe9a5d676a80cf767949f3eab4a259e36843ecfab5ca32e6750611b5525ba31c7c3a81044c6f8606bf41a1f56695299959cae22d2a2436b59a669e1c860a64f8a8282ac5c867c03dec814feebff9cbc2e2fa837ca6da70bf51dfa097756f6ee1372ea475ed3afa216b1644af9206909728853b9c413cf257fd496856e28047945ddb8c4199a1ed93566db20974668bf5f7a487f07938bf546840a82ffe861de1c67e4335e89ecb446b6dfcebb45d88e8bda321d195c9ec1f64850f3d372ef1f450e1a69b22723c8784a493db3162b1a63885d1dd2bd4c8c2f9cede9eb94a52637bb02c399e3d956e976dbcae9345afaf789f83864caf896c7d3d073e848f4bb9b1af2992be55d5eb0d6aee46e3956943aa1a9cb9a7421abe1f6990941f52530d12b13568835cd95416728968296f51c232b9aa1d740beba0821249a382957c52056d92d0a294b59959a09a9b630081e8a1b01ee3667edde8072a59af5e9f1f44e3da1a9fa2ef7f9037b347c8a073c928b039d4c37e46c4a72ecf884a4ee0f0affc1b2d8a5cfaaf0a7637e59011c085cff50358a08d9e21c936508d9958c5a5b9e691098f22e8a5b2bf19d6207e483e3c1673c5e50091a095134f2b802e05b26516fc063edcd5af962bfc4d8c365f32b6e790efc47ce7f289125aa224570fd969a3ae5fa11fcd89196c5f66458861950de49b7f6fcacace1f9ba2bb783629f24af9cd080a516597fe092b76637d5f12ac800ff60caf5bbd20e100f391e7d4ca2b39c4e518ce75485ab71764d50b026e044a044aaa0a8c8909b13ab69bcf489c19b432087683396cd411278772da42461564331e790680d3abb163feedcd0c12aa8495c9ff4d24ea5b71f31f209c7181d01bce402ec5e06e521ea0f713aa60e631004ca3d29f54c8cd313d39f41fec849453a2af3c640a91a53b42ad9b8f9790e32cc7282ffc6d86ea5ea6c4155ecc39b203f3beeeb464d3adbc7a52af7da33517187121391542e7d56a5960934fb18ad6401480ce37b4670e19067599992cdf544766df7ba7ce9950d1cdaa759142e7b9f48b89ca5fe0495773ad07010644596e7269a0009380043728d1f0271520cea5091a8c67c293826467315185b085c1bf4c33e880723385fa525634e3d1d26e95873fbe3cf613f45251773d4115df9a1196276d99c7d1c70dffce50c1bf97919077df61f915e47d0f117dbb79a7b1ffa8faab76175a59e11dad7527f3d656dc683c202a625f02ccfc84d072091b956b8ac4d2b0d1b66d42d035a4396864e23baed8e2030bf0a830f244e89d7ec6e183f8f5bb2c25d23f5ec0f9e081972bc8cc2c924c6eed8de92d5725036d264b0d10b01769ce7a0fe78309b08733911a66906eb3e9a89449698843d1b6db0c890ca2160a31809db89abe4b3af922e505a4e7c2d290c21a4333f754e9ef84a6d4afa2de7f5adafe075099e9c92bddc49670edaca63ba506b989a93b7dfeba42b73ff0c7959358a04ccea48bba9c8579826e15aaf6076223ce15c8a8619b4e7840ab625c7b5e42dc7cbd0c7a9cc5c1c4464b4a9d05c4a47d8611de4e59eabb88970a971caeacdd1ea253dfdcc81b48bb6fa2ce7f3e2cdc75739a6f8ba6980366b20defe58efb38911deca0d54fe7fd97492d4b14c16898fcc8f141f223f85e92151fc4bc27fff5dc280661c509d25e907543eb160696cfaed21ae9b8e84f71b4add94b8797ddad2e41fa1e65b97819c71861b34ef02096d53918e0b188bcbccb2bf534df3d8ecb95c9042901e2a9c64ca72507c7c98992097873a46c1635ad34474c9cb868cca024e5bdf48e3f4b7bf97307b913321502ee6c7b7343465c0f8dca433fc45eb03a19702f2c9304372aa157831b0d57544835c421787af7757b64b8daa7035b94c9cb549c827250654d7de8aaeb447a17fadf9513c62d461a08e8dfb5227a28db51aed5a983b5db9fdb8606c17d396952ba7f5a487f2585f594a998c10a2daf9d53ed8a91ec8e26d967357a0f7ad811f554b58728c1d0d29705d1adefc50f8999e2149756867a203f3438887101fcb3f834c6925af69342eb0b5c4e52d3be2f4576464575c8b03fe79ec2f266f0fdfae724715f9158e6d4a8fcf9e8ef4691371124c4ed45a22cc990041ce1153d68962a986818fd76a46fb625953c9a8dd56b12306d58fd435b9474e4a7de9471024798f35f69d63c8ed6f83f3d9626c13b4f9fc25a3cd1a3a7fe492f4b2d7c30d861f6cae3cce8e026db61411512bdd3841161ef63ca6520a571e24982a23146cf42eb456d4988e8c7b47e6445bd3a70143b3ec3d16c43bde117bf177a53ea069421e849bbdce393e5fa46742eaadc9e5d428e926c36773a650ca9a92a53e70d46628c49ecb7a7b66499648f0694de7777c1f3f7db4b73c80e0a0a33bdd3fef5e8c9b669a07aacac9d5c17e892f9c6c1e67ddf000b31505893d31fd0afc283060f17cd46add4c2aa997ab738517b8d2ecfb685ffb4b2fce464f0c1a9a343f69c76b0e38da1684cddd924670306d4fedeabc6c656c83a972f387b3635d6c386151c4a57d8c1d6bd39419f3f8c8e6c723931e32c1c4e862557008e8a6d84c1ee5b4744f67a9968a6876accccf1c577ac92541e47b2c92fb0a393a08d1d63956843ac54af0e9d5861794a99a5f08a772a6a425ab42d481542fe0c02aea5cfe398bc91ba652ba52f93952e033d46b8131a31fecf2576ca790ebc90f4d36ea722f9d122ffbce3d4e046d95414e42e58bc0b85285ca25e860ffa033182aa5cc1ca35ab364ebe3ba1c7ef0f2a536ad65ab44134ee0a93df1e5a12d5e33a33c7014447e4679af0f3c9b3edb96a122d46b01b43004cc7923a0c0491a5f35c520c8c405830e239a600847e131e4834acf21f0583e6294fb6c1ec1d9ba6b688d40d1ca30eb12c664c3fe2f0dec1b191a32a17a42de477ffdceaa1c63f20bd536aa7479c2a15b022cba36df157baa0baba424aa1a10e303f10299c2905343a05620814dd2c602fbc7eaecab661ec01b673fd603751596ea7f4a6e7047c1fdf154ac484a689103389507d6d9fea430e5b858d34330922d47d2aa133788e0ed106483823f8db1ec2cabb45bdd6f65f459eeafd7f5fabede0b759e9cc6cc09e86db4128d138e5ee94aed91567b680380b1f3572baa185ed413f4e5b4e18198a2f50a84a960795552d5e789b20195c39a432f918868c7d9b09e6c9517a97c091a1063d5cd7993a788e5434776c33f21e7f73fca9d7f0e7ade38db89c66908eca0814ba3ecfcedb2b09652dccccb23c752fcce861b34cb001bf38041a3750e41a59d62b41d2024bfbf3bfaf338156d4c473f0361cc8699379263564c4da94600385672be845905f6c31cd50d4f055883ca141d32e388f1a322c3494fb4b91afe7236261be73e861d7792b665cc2b8ab47fde8a92d3ffe220728571b21c9d00edd0cf9e6d48a5ca0b57556cc40ccc51b8dcc408867c9e99678eb34b3624130482a34fae8a0f3662e9c592a0344955da61a3d542c72ffb3403b65b3d8e51534e2046ee63714c77b67a913646c03ec8f31b2551419430bbeaa0829ea564af6a38f838c587293ea94203e49ff36a6aed0314d60086941d3248417e22cd177d584ff5af39a101ea5b1c7147effb0cfcf1944b2903c7558e0f6519c43011cd199e60508e60d37fe93211585a31dad3656bb5b87bf29d249e9fba4907f6a86c39b3e3a46bdde0bc7786b61bc41975d34f1fac039b9e0ff23cc1b85a67f20a01534c870e5154688e67f359806c36e28aea999236d1132cdfacfcb15303a253a44ea3a10d845cc28a609d65a05279f7d3ec2e1f77665e40cad06e73d88c4487cc2600ce67da3cc9a59a59584a6533473ea814d53aaf2bbb0284653140f6b1a10cb9adb3ec3a9b44c770a79fc7079d50a702fc38e9389e924433bcd3be7c427a41a57c592297c462a6f8006f4af5cacb6a88ac541803bbe72c15bdd8b08955a3a5a260e191ec7837f9493d5e19734eb4d2da40e574930dc9a24b4e925b7e98868771e02de1d0b8a1758b42c2381f382c9422e2817112dd760178b048f097532a5e6269eea65dbb3dd7b19f298638d6d13fb7e13ea4adb4de8d97e9b33f8ffb0c39c675253b0dba6b6d801dfa543e282f4ce5d099233d2a67420e250f5a7556ec83c1b137bfea4cd030083952f236ab298ec84fadf35949c4e923a826b8ae9807593117253bacf210d281c24caa30b8d004971799b3459ad5473866865775f5151e82864b0a6d0e8481beb81e84829134a5a5da7ccf99de65b2ff75ceaa4185e97dd4ece43835c0c5e4d33f94a4d2596adf9a5c2ddba6f14ab327984cc3aa3422bdc0044eb77d64c5864502b6d0e8d5c99d1f82c8ae4195209bbbf163dfbe71a9898d34f3d13af2e90988a35044debfc8f97eb961a512c8e69ff573e920e9f7322ff80a57bcdcf8b41a94150b228794ca57c09c9099e861a287383db05aa54dda4933dfe7a684362c75cbb932bb4a4deaea45967ae7700cfb97ef73b8fc86db8c63dd353b0c02cc3e70abd88ecad36c67500637563a81939cdc0b3122532a76b010da23c27c08e189c32fd1d619daf19975c027064523dc6d93e437245b4675d3f259f1317e1718c8b92a54888b17b910a6c826e4dcaa5e2f172ee8f56e08efb4f328f3e68f8d1a0e034e82b6b236245dd89e46277674b9a8296ed770a3df4c755e6ec37d24704969b5c980a5b9228959e34708309d8aa54e2d59023481b435aac042f2a13a9b6b4f82f0577916d39cb3348465c362d9f280774afcfb6bd941d21e72f888f0926813a8dfb0d9e5faf5734ef3dcaaef73cf282fbeae86f68c89bb925b3bdeda96ec4f52b12f15049361b5248ae30bcfda65505ed2a47e4cd1f64ff98a6aaccd7fcebb76f8e79c92f4de7fa1c3e95d6601e3bef2aed3141599a620d7874961690b2b031c0a6a6b3667dcfa045b152b9b61da4e520239b9ca08dc755daca8bf8551d09fa8f77f3a4846defba25e26f0d0eb9e81761aac6f7fc1e5b4574a64129fe99a98104451c50dbd7d05a3aee84586ea49957f2653e8b048a1dd5191125d0eea86470fa4eccb83ca7e28b30add12ef898d2e006d86908eae5123a95d74b519ef617cf14aee3612df78d21cdf992d41f8f2d145d72d860141ee38cf6a6c2d7d318ce51c8d826ee654d85080eca7398a01f66f71d5cf2674c7d21c5655e4c273aa588b6e592d4da2624775a832832c39eb6d35492ef7cf35ef06b2a2b61e874424a702f1b897e9a6d3fdc4a53aeb76c2d7e5074717ef76293cd3e8e397d6d6381b1b295f7404c1103ab35a72e4aa7a424355e868f146ac760055f623b36ab080ca6a8d01fd15950d2cf9bd861cb360b26ed3fffbdf6fb8f657846cfaa45a08d7d4daaa25015d0940d6096a778f5cd66e296ee24131d0014b5c13abdc6a9c7a5fe4bc914e3dbd943a1af4b89b421b1ed370161c4521ea4a5c3e0afab482f0d537ebbdd4e547cde18964e311633d14b79274ed8f4cbbb44b433c0e1dcd76a7a01499720717a2c7500a1a3ae839150e3a959129815811146c948cb9277de8f396f7c3af7bcb37dea38bc722ed3b3fbbafcba5777ae11ab09bbcb95aa88cd97f85cf9c58bce427942087185f4b87753a789496204b4a0f39cf18924e31aa582eac492728644720c4cc53d44da4c8b020c9245c722db92a279fe5e451ea08f917f3fd17aec8be8494ebc2f6e5fb7f414c42cebf20237cdc224842c7503791703ee6393db607b0ec2a6deeb667636cdd89e665c0c082aa4318e9ac749ef45e8555f1e5f3a493722d37f3caf0d4d0688402687ae6fffcdce60f7d60478ec0e39524f9190ad05ad32df3748893d12c548c35a535192ccd99592e80c2d44982c7bb7ca7c775a5e3c7b76befca07fea626aab90d0c5c1e3d73950e149fe19227b33a2b897018d34421f00373b9890bc505e8e4091833366d88a44590e9d1a99584d0aa60e8a38afd53d6b3bcdbc63857e57cc86a1b3b62a381346e8a7bac185a4f6448a8602d6cd071a3ca9bac3da18719b151a02ccc51cf1bd15c81e6278526a31a9560ce2ab52c5983f7515d9a8ba88a0f52736178e1b03feef9c97baf77f97d5bf3729c7ac1948ca4d2852a50c2efe3582e96501194a066c23cb57031d2ab3ae544dc38d70f25a3928845a0b21fe333ab35ceb33ee79456685897bd99a112d8670f133f2f5ff4f8a3db6fcaea41bae44c13d87c0f0a52e243a639c749b50904de36113a37d541cd424eaa417e23c5790ccd84e46fd7dcfd79dc74ae11823b7afaf0a233ceb7f6db8ce400edcb921c1cd40f2aaba62acf8f1ca7946352673cca86e74818c3b8aaccf3a44d3713e0566052561389e9378d74e9773df31b5d52bd21ede7506e9a94641a3edcce3d1fc6b7a21f513f0a444b416499b5d549f31ccb069c54d1436f2e036ca16ad99961676843b22d979672031bcbee9895bd2ae5e918b0d7f2946f7582bd74b8656f75d62aa9979ba6b52183202d1d3567d871dc880204cd4d320622999682fae49433f35f49fe4ce1a0df31fb686b8ab10b2067f7d1b1a9662da32c39809d246c73b42c555828ee3219fca3bfa249f8af2f9a70df7ec3383f933ccf60752da5ace1bc28c793aabbaa4579742639b47cdbae7df564a533e30d1ad800f7676323d7b0dd29bcbe274808d17f3366fd8e325f39ebd0380208506a174099e3430c8bf63fb56c57497651940755692b2056f5f4f2891acacd8411b1c1e123ee4d64b957fed43923d293038d6b1275578a54ae7e30c3265c3a8281317230bd4109f6d5027e3e7355ae9c61f363a3fed9bd7ff429a0a20f13909c271bec882998e90c675554e0891743a7d4fe2f9de572f69d7dca261d25ab77c8828d6cf9aba2d3d666c5a073b94eb22afc819bc3b0b8948e38a69ce087c6b5293d41498161791005cc2476af369dba6503f951447fac6ad9eac8dbd26b728c7aedf389d3d4dc58b61a432523f1ba5a9ceed5bc2d3627f9cafae337ee4405c8067928e797943439022aa1ee113abc493e550e6e941556f1cb14cc1c878e04cff76d075f4112dce5f37e020e5d77b9e525dfd8977b4160636a1e948023827d6a5e242c99216a57f2e2f81855e36e36a3cc94525e351526f23ca0aaa5f58983cb19a99fcc2ccd8248d57783db7cfc030ac72b4ee2eb9ec8140a6d2aac2dcd9094c466e54bd4624543cba28e0c7186a7fd6c1d05572b0c66752c0eed6cc2f5e1b9418a433812d4dfad96d7d9d59f0bb6f429d79fba7bc0f62fca7e30f9faa30e620ac16a8f8a0b346e7bb9be625444356482cb9f2601ea299b01cf29e7a09261677501a459d305bf53d4ca558591eac405bd534a7b0b243a5d338eb6e9347811f6fb4875616ddefb9dc97a6a7f7f2edb4393e5c93c273cbcc0d90422490ae1c7a9278ae353c76e1ebc1bf7dded308ab4dda9aa1a1fe51dc75df0ad00f33ea25c9356973d7058f3aced17ed054f712ab7e9104b3d4a3a9ed18c38495a73f20c69423e2dd581a22b53b5def3007165f3e3706bbb972ca2bfe5ddd999196c57a163bbf9cc71108eb06e555141c405e0604c2f931addeac59cca212551451962892e01f33315018a3a2b562f06d87f25d386e226915d73dbdaa0a6d46cd78d0685d73599cac31ded233e5b798e774db66494860d94813614687836ef7d356f594ad084a3ea21ed36b28b4acdfa07dc34f45b9ceac41e173a9be6acfe77ad6467b0d218adcc2934450dfaf812e47b861c39ed37b3f0f46f53fc654214095a03b545cc2a311f8c88d1307d2502c5d0fda1e5e8d8e50e4faccd01fb168f36e4f710aae9c5c6661f2687e31e8295dfd4f917e2144d6a347e04f8270e7f12fdd2fcab94f6364f26eb9331f4cf4c66c68c5921cacbf6ef3c503b067a889b0c1a4990aa7284fbe6ddc5dd9130d20f9b22643dc4cfe7072330b02b77e576d7b2cbb548859b093d04fa45e1171035b31a3b4e20f3079fc1a4ac900c8419c608147c7ea7d40e8dd7f67a2aef89dc4fc6c083547dcbee276f3b4e544fb70564eb7b968d93c4819a8c82897291755d341c606e0f385fc4558ca019455cd4099e191a7b48990660c8425521a7aa57db3dc5b9e668d900e6c11ad135ac495f5a9fa057fdb5438e4e1869dfe5ed453a07df341e44260e4f4c7f962a31fbf4d185a46948152befaf6140336d481be75a168d87f14fd0b63839781d2313753a277b44c0c60362d0c913d830e57ffa9854a83bfd0a7f1f08faf09a560382214e36efe832d8218239aeb766f5c1e9c9ec1299bde982b72c9feee7f6345bb97caabcde543eb2d594d4aba8270b4335ceee88674eae33568a18009014a6ac91e50fc97f3eaf8f69d5189fd156f3c091bdadafb736435c3dac4d40732b95ccd29968cd9037d68136857de272675be644578f868ee1e0ffeaf143e7947aaa3000b33a0520ccc694d4a1a2701e5482facc46556fca4a3df52c01a958c84d05c12e70220974fa2237dfebdd345a4672877cf8fef9ac90b3599ad23533077a53bf2ecd4909c2cdba03b29b4e84c84e33d38c002b5ffdf5cabd8a33f39f22b326cb4a5d1e10a564cd073af5272af4e30483b89daac1a4eaab7db5d4fd467772ac6525da491ef688f7f53bd18d08f83cceec452112ed4c6e1c842223aba7ea14b2b662ca47a4038747623034cbafaa064468f6b4ae22424db7aa5be1bad58cb465d238a227ca30a9ad9b5145f85eee8ea6bbdab9e2986b2b2cf456bb98da6c3585ea7e0cc867a151abf765c67658b45d16003757d039a4b2b35a9aae2b071f48975ffe8b9d9cd6d25e373e66200d431561685d21d9d08524ec2fbd67dab2ad8ae93302c076b4b50d07721d13fd8c8d73de3e979bb56d2f84d7e7308a2e3f62bad436e502c258357b6244eb5235994c88384797ac2eb739eb47957cb45abf0aa5d4a6726d39cbc0d492136ff7f81d549287ec0bb34fd8359f58e534d4e556bd8fcf311b18e465a9758c0b9178f96996690ac6e06989f341e491e4b16cb06ebdd49e4a4e73e476175ace33cff18dfbc54493512f9a7e45bb41386e40ced33d83768c78f11d098866e5d3a6a4d9b492fbcaa1f6c8f191f9916c42131ed7b0684f664de15981000c71c570a25126c7d023d4f8f1aad3a5927beeab00b593f139e4bfcda18be09a50614318a5649fd89b8d18da924cd91afd73e099c3324d8b7aabeb665275068c52585635c956d96c93afa4c49c62cc6e6838346546e593da7aa1cdd17af1e684cff798f334f31c128cc2c5e9cbae1576eeadc16a5a2a3a1947138292012ba0051726503534bac06ada10620622367a2706f89e90d56ccc714e18be3b9dff2c084f4e65f85ff5f1b51a6b9b7e8e29fb7a48761b8200a413aa51a526a98538cf8a872ed5a80ec272083fb6bd373f103c622d28bce7482dcded342eedb598de76d91e0b6c3461ddad1e77079e0e6ae00dcd1285caac94926679da1c2505d392036fe8e34e993bcb0570f5d749056681852d173cc5a0ded8ba05568d37133a338b6a27c785e3216a749921c58feab0c4955c6b953ee1d1da29961823b6a9ac2f47ceffbbf67aca97bf7a175faaec8559bd85b95514a3d1df31f459b0a544025cb842fb22282e13691b79017d72d1f90a10b348eac03f23f3e3a915a46fa7e0e2b19077c2a83859edee985add77f12e80b29f1872e4f297bbf7f771e20bf13e439a43913e00a6a937f5906115ac9ab27aef857e94c46fec40e859d3c1605ecf07aee992777e616a17623580306fe6994951cea48dcde8c4c00001ef846e7339f34c55cd4df37e6eccf199282fee982929df3bacab25bef07ad17d7b3064e6acb0d703f0af53f05b10f3b364d9ef2ddc45509cd0efa10a9c4134dbf51eeee2ea0e786c92f3474e1ed83352155fa98eb1e0feeaf3303236be1a2400fc324555be5a142406df58f305b4609f0deb8f2bedfd31330aa52ab34c5d699944c6babf7985422dbb37c27e8ca86f69116cd7c25eb0b5469a3d77180d649b4f67e8a1258535c3a2b39c77d3a31adeccb33ba48011289f7854fcbe38fd5ebf2170fd98943a89160bc68f25a42731ccbf4b8e587fad6ca61969dd12c2af383fcdcb43f95ace7356aba1a8f6ccb98d256163c56e776523bb50d94f5f24f57d7bd27e1d11864675c5610032f67ba93781d1471657fc2b97f32187074d721572194d39864b4d13805a865a364116534fc655e9df846dc0fb5759dbd32cbd0fa912a903a03abfd325fdb49cef25196e1905a249466ee9601367d3910c1152838a69a8806c0f19adb504e479527a1f04adf58370d94da77cc919e07280c152577f1393d888dea1b34a536ce6bff3981b5e19c9665d701edace14d31b8a1cbaee0a760f17923d66e54c053c98794b5d632663e1ef58c462adffea441f7dbc369cc680a8916bd4421b70b0a99ada1b500920183171c932d4907cd22c2425c06cd9b2b5bbe9ac09df7c0f069d974baa5cd04c14fe9ba2ba3bb87e163232dd7a19f31dedfe6b5cd1760d3f705ce2a2726725d77e2eb56602847750932573c47349ae44957b4c3642a06b77cd25394579b96efb843ba3683ac7c9198e79aab35f1df8cb28aae8275c8ed0e5c7255ab1b2cd6ed244fd21a0ad8ab4c02fe924b3acf2a710fe3dc8bf94ce4c893082cef508ca420316dc2f7f85fe9d8f1f3e9b316166230d0c2ff372c37b1b596498e7d00527863aace633f727d3d979ea99e90b1ddf944a100a5d70a449b3100dcd14311359030f37fcf704f9ea52bb2f719a55d30f92622576240861a4dc68986c9c0b1600308cd8e2a2bd34e8678e7bb0955de7241a697bc4cba6124e1fb1aa075570f4c09b039d9b469d2e1bc6d5125d07a1243c2a14ade19b6de6286b5ed7f559c944d0d4619481d39cf2cbfbeaea18f4d259926944e511c9d9b15ef7f5f12e8f9e60aa0f0819c772c6e96a2095105e381f645db2cc8adc54631c18a6186120df1e13af0dbb72733c7e83d2e3cb27349d89382427e3cdb1fb16ebadc9a9e44f5c59168a5f2b61a66c259570d6d6a56ac4d2412fbb8e6a542d2320b3033dcd6ce5c7b7c8d42981913af6494551f2567cfbe235a3b76ea4735f92d73cc5fe37e3903b2937a25fdf3c24d2261c565de0823759a6ca02845558823a192f10549ee15ebae83c261c4259e4a1a4d2dc0695d503ab657163b52435f2c82511c8a3c48c76a282c7d76240fc0e69a4500d3c7c7e6f9c2239dc70c9696bea36e654747c66738f538aa66043ed078b328af49e5c8c52b1c811324bcc02149f09f6786c70296bfd75a002eadcc7003676f55921e357c023ae346ba1d7a6ff6f3683b12858d29a95398fe77f53af39a379673e30550949638eae7830eec39a4a7c9994e485ea10a9e8f4f7fffff5a6cd7c95fc37c93651a20dc1a39f2e420daedc4a318d39098e68c0da9695c160e0c4aa024d2ba42153b6b2906e2dede5d27b7b6b72f176579b733f70eacb529d126870ee1942cc2e0809c6cf0f003667003a33069e34eb574b688f4f3aa7518100f69e4f2a35e5333a72a1b9356fab91f11e0c64797abed53288de27dcbc26cfa0cb59d8341cdb2b8567a9dcfba1b2098136ee439a4a6733428e208a4f22b38407852fc7475274d9014d1bb47b329433e4af3399c70b1d7eb9adb9d57c5073d729d9b2b04e851c067471ff63636bebf8a648788595ea7eba3b06bd5df22db543526e88a1d670312d9cc483ba92ebda3e98161ce28629ca478c8763cdd66458d76be8587c195d648edef68737e15ffb84177121f6764a8af988dedae6cd8e46750e10d5816f3669105481ba929997ac7d33f5dec5b851812d60b3cea8be513e683bf2af17de13bdcfb5b106998c67d0f9bfd0293bec2a0db92aa094b5a234e943d99c58374b70a1270317a62ae0f9317d15bafaf87ac7bf9fc3473eea21a25960020a7ad148c34fcae408bfb0331f4633c4aa20af881aefd7863c2cd0962a939b6a84d662429fed34d69cc3f77b183f8c87ae470a2ddef4db66d7c1fae333aef22252b6e52305148e415b37d51dced24b6ee7795d01574263dffc96d633b9da26e46c73b49ba7dae7c679c79d531ee388576d7c6c1b5273ac4e8b297fe290e529a7270ded3af1d2463ccc7862f5b972c245d377d82a358cca0eb98ba8757bf23cbc7ffecc46be7ceca196a9af37ea137637a4b0056f232e33778767ab0256a77a292cd26cec60ab1089276a314f1fbf37b54d137a1f733432a1737c2b42e73a438f3628c25d296c0f911ff5340491caa56a754810011551ad62739dfc9c8ce3839f77bbeff62d323a93a79c5ba2e7fd2e4bbab296e26629490acd7f90ce0f1eb16e1e7298b31e94ec423276c0405a16f5d2eab04ea90352df7e4da64513f91c4c3170c5cacd7cc2c646bef44d387b6f721b0b37541fb94a45cd91c582aee680594afef840f480a46f41747755dd2a0b84e09d9fe17b6e7af0c8be5dfd5d3e7a9f9a96ca0b3785dee118b493ebf839779dd4dd809ddc93d7cac421d26437b4666859d6b65828cbf83f78fae5fed408a6035978a485596325b94e339d99aec8ae3f133731ef3763fdae84b3cbd91b27d26ca5a55cadd5f47818c990da8cd991aba848bdc2ea4f615c0890c3a22711d235109a3c5385468c5e47d3337f428a19690b7c487455d3886d2e01ad3aaddbd459dbbd4e6da1ac647429f5f32048a4a411f3f8c51e72cb1ab245902a8196eb47a822227cfce44d094dba50c271c819abcc12d10f12fe57967f37b27a494080fef43fc4b55f244ed5c107375c4a761da00e42ec7922624c56c382caaa225f83f9235dfa3ee16117477d32424e7e0011d2673786518a464e48f76ce888a27cd63c690ac31e84d565637a484d0b73172ccf55488ebec2227d97db4483c9713b961a9377b75c87161e782daa989039e3e043d89e3918156c32a2abade96cb6d7fcdf95fcf272e6d539f874a9852d5f22aec875f76567894be330267bf5615b951d952a4f21fd2ad967300411a373eae6145c8350d7d2aba021672e35a817d1385accdb503ed1efbe5e67d7b7c1a5ca07f0021376efbced1cb32972b5a92a75dbb5afd98ab9b5b94e43ddc0436e753a64cb306e10f1b2635802a0644bc96334663320b654f2c1f09fd3f46f0a34773195418baea266a88d6848866e3e9f7f5fb4cb13e9a5aef77764844cbed204f4589b192858b99c8913d1214e8ab6c00cacb51ab88a3c8c89c5f1d64091c4bc1d86ddcdc378f69bb6ee06b730102d95969fc0d24750c17fc1fe86f43881db8fcb65f464ce1b97e712ce533b75af18bd7fe58b4c83b07d68903bf3a7d9121825ec3a4819506d9564f70b554b1385e1312e2cb4a8230829b15cde7dadd96078b853ad92a94255c38d3d1da3652b653e7dda3abbe95086e22c0ced595db531b3d1a42686bdf9771b91e7bb930bc429d670ee81e574d3639cf265efc67a913b55bd313616a136bb34aca87a60880f6a82a23db492d4ac2048e70a740e1dd44ef49d2b928f2b04a62c0770328c4fc9aac9a8760c0b4d262bc79b8061048520db0b3aa83053cbf76f84587cb34786bb9e74b2234a130795590881119c8e074c2c19a4d77a14f2301b1b5c5a7c58c803a442e87e2e60756937882955390428b7c279a2f5c8a9e1afcca28dd42d42950f11b317781c1cac3986d2bc697bdba85d3a02ebe4a97c3e4fbc1a5a3b7d91b3758ce4ce454a3eb0d2ff1a4fc1329aad6fcd00a8b8b71d4a4307662c34c24675b1663dad3b812b02f1ff7aea29ed201b324a53ef08614744f1583b6344678bd17f488ca1a1fea83a272f79359670fe47ca4f2555d4873234adee191276d56782911c680916f973d7b49517f7c2bd061e6dd76433564e9635abcc2507e85928107f265f99b1466ed033d79d61157537b096726dedc5e48e420ed1339973b747591309d5bc5c05f20ca30cc1509ef493b2d915d7ab45618c3e5ff4685d437b2f8aa80f60e9d5bb9ec2469e6c78120e9b49ddff0830006f977fdd04084fc90000000049454e44ae426082, 'image/png');
INSERT INTO `church` (`id`, `ch_name`, `ch_address`, `ch_pic`, `fileType`) VALUES
(2, 'Shrine of Saint Therese of the Child Jesus', 'Pasay city', '', ''),
(3, 'Saint Ignatious Chapel', 'Cubao, Quezon city', '', '');

-- --------------------------------------------------------

--
-- Table structure for table `confirmation`
--

CREATE TABLE IF NOT EXISTS `confirmation` (
  `id` int(11) NOT NULL AUTO_INCREMENT,
  `conf_confDate` date NOT NULL,
  `conf_bapChurch` varchar(45) DEFAULT NULL,
  `conf_bapAdd` varchar(100) DEFAULT NULL,
  `conf_church` varchar(45) DEFAULT NULL,
  `conf_priest` varchar(45) DEFAULT NULL,
  `Employee_id` int(11) NOT NULL,
  `person_id` int(11) NOT NULL,
  PRIMARY KEY (`id`),
  KEY `fk_confirmation_Employee1_idx` (`Employee_id`),
  KEY `fk_confirmation_person1_idx` (`person_id`)
) ENGINE=InnoDB  DEFAULT CHARSET=latin1 AUTO_INCREMENT=2 ;

--
-- Dumping data for table `confirmation`
--

INSERT INTO `confirmation` (`id`, `conf_confDate`, `conf_bapChurch`, `conf_bapAdd`, `conf_church`, `conf_priest`, `Employee_id`, `person_id`) VALUES
(1, '2014-11-21', '', '', 'Saint Ignatious Cathedral', 'Harley', 1, 2);

-- --------------------------------------------------------

--
-- Table structure for table `conf_godparent`
--

CREATE TABLE IF NOT EXISTS `conf_godparent` (
  `id` int(11) NOT NULL AUTO_INCREMENT,
  `confirmation_id` int(11) NOT NULL,
  `person_id` int(11) NOT NULL,
  PRIMARY KEY (`id`),
  KEY `fk_confGodParent_confirmation1_idx` (`confirmation_id`),
  KEY `fk_confGodParent_person1_idx` (`person_id`)
) ENGINE=InnoDB  DEFAULT CHARSET=latin1 AUTO_INCREMENT=2 ;

--
-- Dumping data for table `conf_godparent`
--

INSERT INTO `conf_godparent` (`id`, `confirmation_id`, `person_id`) VALUES
(1, 1, 3);

-- --------------------------------------------------------

--
-- Table structure for table `employee`
--

CREATE TABLE IF NOT EXISTS `employee` (
  `id` int(11) NOT NULL AUTO_INCREMENT,
  `emp_username` varchar(45) NOT NULL,
  `emp_password` varchar(255) NOT NULL,
  `emp_usertype` varchar(45) NOT NULL,
  `emp_fname` varchar(45) NOT NULL,
  `emp_lname` varchar(45) NOT NULL,
  `emp_email` varchar(45) NOT NULL,
  `emp_hireDate` date DEFAULT NULL,
  `emp_retireDate` date DEFAULT NULL,
  `emp_chapAssign` varchar(45) DEFAULT NULL,
  `church_id` int(11) NOT NULL,
  PRIMARY KEY (`id`),
  KEY `fk_Employee_church1_idx` (`church_id`)
) ENGINE=InnoDB  DEFAULT CHARSET=latin1 AUTO_INCREMENT=4 ;

--
-- Dumping data for table `employee`
--

INSERT INTO `employee` (`id`, `emp_username`, `emp_password`, `emp_usertype`, `emp_fname`, `emp_lname`, `emp_email`, `emp_hireDate`, `emp_retireDate`, `emp_chapAssign`, `church_id`) VALUES
(1, 'gskadano', 'f48c9fe366f3c3f58ea9b18eb9724f1f01c6ab9390fb3c045d8e6690e1ee4761', 'Admin', 'Gene Anthony', 'Kadano', 'gskadano@gmail.com', '2014-07-09', '0000-00-00', 'MOP Chancery', 1),
(2, 'hssantos', 'a4c6b15502f68768488cd48f496a1ac24e69a11b2786f556e0da023059d7f9bb', 'Doctor', 'John Michael', 'Santos', '', '2014-05-01', '0000-00-00', 'MOP Chancery', 1),
(3, 'mdronquillo', '75f3735825c0b6565a8afa3252277e3de30093611a2254e2efa8d2ad5be366ad', 'Regular', 'Mark Joshua', 'Ronquillo', '', '2013-01-31', '0000-00-00', 'MOP Chancery', 1);

-- --------------------------------------------------------

--
-- Table structure for table `jqcalendar`
--

CREATE TABLE IF NOT EXISTS `jqcalendar` (
  `Id` int(11) NOT NULL AUTO_INCREMENT,
  `Subject` varchar(1000) CHARACTER SET utf8 DEFAULT NULL,
  `Location` varchar(200) CHARACTER SET utf8 DEFAULT NULL,
  `Description` varchar(255) CHARACTER SET utf8 DEFAULT NULL,
  `StartTime` datetime DEFAULT NULL,
  `EndTime` datetime DEFAULT NULL,
  `IsAllDayEvent` smallint(6) NOT NULL,
  `Color` varchar(200) CHARACTER SET utf8 DEFAULT NULL,
  `RecurringRule` varchar(500) CHARACTER SET utf8 DEFAULT NULL,
  PRIMARY KEY (`Id`)
) ENGINE=InnoDB  DEFAULT CHARSET=latin1 AUTO_INCREMENT=11 ;

--
-- Dumping data for table `jqcalendar`
--

INSERT INTO `jqcalendar` (`Id`, `Subject`, `Location`, `Description`, `StartTime`, `EndTime`, `IsAllDayEvent`, `Color`, `RecurringRule`) VALUES
(1, 'Meeting with the governor', 'Quezon City Hall', 'Bring extra rice!', '2014-11-11 00:00:00', '2014-11-14 00:00:00', 1, '2', NULL),
(2, 'Pass project proposal!', NULL, NULL, '2014-11-13 00:00:00', '2014-11-13 00:00:00', 1, NULL, NULL),
(3, '3 days boot camp', 'Camp Aguinaldo', 'Bring all necessary equipments!', '2014-11-08 01:00:00', '2014-11-10 13:30:00', 0, '0', NULL),
(4, 'sample', 'Kadano''s restobar', 'remark pa more', '2014-11-07 20:00:00', '2014-11-07 20:00:00', 0, '14', NULL),
(6, 'Buy something useful!', 'SM Mega Mall', '', '2014-11-09 00:00:00', '2014-11-10 00:00:00', 1, '21', NULL),
(7, 'Create PDF !!!', 'APC', '', '2014-11-11 00:00:00', '2014-11-12 00:00:00', 1, '17', NULL),
(9, 'LOGS!!!', 'APC', '', '2014-11-10 00:00:00', '2014-11-12 00:00:00', 1, '17', NULL),
(10, 'Mass at St. Ignatius', 'Camp Aguinaldo', '', '2014-11-15 03:30:00', '2014-11-15 04:30:00', 0, '-1', NULL);

-- --------------------------------------------------------

--
-- Table structure for table `logs`
--

CREATE TABLE IF NOT EXISTS `logs` (
  `id` int(11) NOT NULL AUTO_INCREMENT,
  `employee_id` int(11) NOT NULL,
  `description` varchar(500) DEFAULT NULL,
  `dateTime` datetime NOT NULL,
  PRIMARY KEY (`id`),
  KEY `fk_logs_employee1_idx` (`employee_id`)
) ENGINE=InnoDB  DEFAULT CHARSET=latin1 AUTO_INCREMENT=24 ;

--
-- Dumping data for table `logs`
--

INSERT INTO `logs` (`id`, `employee_id`, `description`, `dateTime`) VALUES
(1, 1, 'Created baptismal certificate', '2014-11-07 20:46:59'),
(2, 3, 'Created baptismal certificate', '2014-11-10 02:10:10'),
(3, 1, 'Created baptismal certificate', '2014-11-11 21:45:16'),
(4, 3, 'Added church on the list', '2014-11-12 00:08:02'),
(5, 3, 'Added Saint Ignatious Chapel on the church list', '2014-11-12 00:09:41'),
(6, 3, 'Updated Saint Ignatious Chapel information', '2014-11-12 00:10:13'),
(7, 3, 'Added Fr. Jose Rizal on the priest list', '2014-11-12 00:14:03'),
(8, 3, 'Updated Fr. Jose Rizal information', '2014-11-12 00:14:45'),
(9, 1, 'Created Confirmation certificate', '2014-11-12 21:51:23'),
(10, 1, 'Updated baptismal certificate of Kadano, Gene Anthony ', '2014-11-12 21:57:36'),
(11, 1, 'Updated baptismal certificate of Kadano, Gene Anthony ', '2014-11-12 21:57:46'),
(12, 1, 'Created marriage certificate', '2014-11-12 22:02:50'),
(13, 3, 'Updated baptismal certificate of Montalban, Adrianne ', '2014-11-12 23:59:22'),
(14, 1, 'Created baptismal certificate', '2014-11-13 00:47:08'),
(15, 3, 'Created baptismal certificate', '2014-11-13 00:55:18'),
(16, 1, 'Created baptismal certificate', '2014-11-13 02:51:31'),
(17, 1, 'Updated baptismal certificate of Tero, John Emmanuel ', '2014-11-13 03:06:27'),
(18, 1, 'Created baptismal certificate', '2014-11-13 03:32:14'),
(19, 1, 'Created baptismal certificate', '2014-11-13 03:33:17'),
(20, 1, 'Created baptismal certificate', '2014-11-13 04:24:08'),
(21, 1, 'Created marriage certificate : Marriage # <a href=/mopccss/index.php?r=marriage/view&id=2>2</a>', '2014-11-25 05:23:53'),
(22, 1, 'Updated Saint Ignatious Cathedral information', '2014-11-27 05:30:00'),
(23, 1, 'Updated Kadano, Gene Anthony information.', '2014-11-27 16:43:44');

-- --------------------------------------------------------

--
-- Table structure for table `marriage`
--

CREATE TABLE IF NOT EXISTS `marriage` (
  `id` int(11) NOT NULL AUTO_INCREMENT,
  `mar_marDate` date DEFAULT NULL,
  `mar_priest` varchar(45) DEFAULT NULL,
  `Employee_id` int(11) NOT NULL,
  `bride_id` int(11) NOT NULL,
  `groom_id` int(11) NOT NULL,
  `mar_bkno` varchar(45) NOT NULL,
  `mar_series` varchar(45) NOT NULL,
  `mar_pageno` varchar(45) NOT NULL,
  `mar_lineno` varchar(45) NOT NULL,
  PRIMARY KEY (`id`),
  KEY `fk_marriage_Employee1_idx` (`Employee_id`),
  KEY `fk_marriage_person1_idx` (`bride_id`),
  KEY `fk_marriage_person2_idx` (`groom_id`)
) ENGINE=InnoDB  DEFAULT CHARSET=latin1 AUTO_INCREMENT=3 ;

--
-- Dumping data for table `marriage`
--

INSERT INTO `marriage` (`id`, `mar_marDate`, `mar_priest`, `Employee_id`, `bride_id`, `groom_id`, `mar_bkno`, `mar_series`, `mar_pageno`, `mar_lineno`) VALUES
(1, '2014-11-07', 'Harley', 1, 4, 3, '', '', '', ''),
(2, '2014-11-10', 'Fr. Jose Rizal', 1, 5, 3, '001', '1999', '126', '002');

-- --------------------------------------------------------

--
-- Table structure for table `mar_godparent`
--

CREATE TABLE IF NOT EXISTS `mar_godparent` (
  `id` int(11) NOT NULL AUTO_INCREMENT,
  `marriage_id` int(11) NOT NULL,
  `person_id` int(11) NOT NULL,
  PRIMARY KEY (`id`),
  KEY `fk_marGodParent_marriage1_idx` (`marriage_id`),
  KEY `fk_marGodParent_person1_idx` (`person_id`)
) ENGINE=InnoDB  DEFAULT CHARSET=latin1 AUTO_INCREMENT=3 ;

--
-- Dumping data for table `mar_godparent`
--

INSERT INTO `mar_godparent` (`id`, `marriage_id`, `person_id`) VALUES
(1, 1, 5),
(2, 2, 11);

-- --------------------------------------------------------

--
-- Table structure for table `person`
--

CREATE TABLE IF NOT EXISTS `person` (
  `id` int(11) NOT NULL AUTO_INCREMENT,
  `p_fname` varchar(45) NOT NULL,
  `p_middlename` varchar(45) DEFAULT NULL,
  `p_lname` varchar(45) NOT NULL,
  `p_dateOfBirth` date NOT NULL,
  `p_placeOfBirth` varchar(45) DEFAULT NULL,
  `p_address` varchar(100) DEFAULT NULL,
  `p_dateOfDeath` date DEFAULT NULL,
  `p_gender` varchar(45) NOT NULL,
  `p_father` varchar(100) NOT NULL,
  `p_mother` varchar(100) NOT NULL,
  `ccertificate` varchar(45) NOT NULL,
  PRIMARY KEY (`id`)
) ENGINE=InnoDB  DEFAULT CHARSET=latin1 AUTO_INCREMENT=19 ;

--
-- Dumping data for table `person`
--

INSERT INTO `person` (`id`, `p_fname`, `p_middlename`, `p_lname`, `p_dateOfBirth`, `p_placeOfBirth`, `p_address`, `p_dateOfDeath`, `p_gender`, `p_father`, `p_mother`, `ccertificate`) VALUES
(1, 'Gene Anthony', '', 'Kadano', '1996-01-20', '', '', '0000-00-00', 'Male', 'Eugenio Kadano', 'Roselilie kadano', ''),
(2, 'John Emmanuel', '', 'Tero', '1996-04-16', 'Paranaque City', 'Paranaque City', '0000-00-00', 'Male', 'Blast Tero', 'Josie Tero', ''),
(3, 'Mark Anthony', '', 'Andes', '1995-10-20', '', '', '0000-00-00', 'Male', 'Antonio Andes Sr.', 'Miriam Andes', ''),
(4, 'Christine Joy', '', 'Ferrer', '1996-11-18', '', '', '0000-00-00', 'Female', 'Willie Ferrer', 'Ernestine Ferrer', ''),
(5, 'Adrianne', '', 'Montalban', '1995-06-09', '', '', '0000-00-00', 'Female', 'Arnulfo Montalban', 'Ping Montalban', ''),
(9, 'Kathleen Rose', '', 'Kadano', '1999-10-16', '', '', '0000-00-00', 'Female', 'Eugenio Kadano', 'Roselilie kadano', ''),
(11, 'John Patrick', '', 'Kadano', '2000-11-25', '', '', '0000-00-00', 'Male', 'Eugenio Kadano', 'Roselilie kadano', ''),
(12, 'Ryane Paul', '', 'Kadano', '1997-08-08', '', '', '0000-00-00', 'Male', 'Eugenio Kadano', 'Roselilie kadano', ''),
(18, 'Jerica', '', 'Flores', '1996-07-23', '', '', '0000-00-00', 'Female', 'Roel Flores', 'Emily Flores', 'Baptismal');

-- --------------------------------------------------------

--
-- Table structure for table `position`
--

CREATE TABLE IF NOT EXISTS `position` (
  `id` int(11) NOT NULL AUTO_INCREMENT,
  `rank` varchar(45) DEFAULT NULL,
  `afpSerialNum` varchar(50) DEFAULT NULL,
  `branchOfService` varchar(45) DEFAULT NULL,
  `unitAddress` varchar(45) DEFAULT NULL,
  `client_id` int(11) NOT NULL,
  PRIMARY KEY (`id`),
  KEY `fk_position_client_idx` (`client_id`)
) ENGINE=InnoDB DEFAULT CHARSET=latin1 AUTO_INCREMENT=1 ;

-- --------------------------------------------------------

--
-- Table structure for table `priest`
--

CREATE TABLE IF NOT EXISTS `priest` (
  `id` int(11) NOT NULL AUTO_INCREMENT,
  `pfname` varchar(45) NOT NULL,
  `plname` varchar(45) NOT NULL,
  `pmname` varchar(45) NOT NULL,
  `dateOfBirth` date NOT NULL,
  `placeOfBirth` varchar(45) DEFAULT NULL,
  `crasm_no` varchar(45) NOT NULL,
  `exp_date` date NOT NULL,
  `pr_father` varchar(45) DEFAULT NULL,
  `pr_mother` varchar(45) DEFAULT NULL,
  `ordainedAsPriest` date DEFAULT NULL,
  `placeOfOrdination` varchar(45) DEFAULT NULL,
  `ordainingBishop` varchar(45) DEFAULT NULL,
  `church_id` int(11) NOT NULL,
  PRIMARY KEY (`id`),
  KEY `fk_priest_church1_idx` (`church_id`)
) ENGINE=InnoDB  DEFAULT CHARSET=latin1 AUTO_INCREMENT=3 ;

--
-- Dumping data for table `priest`
--

INSERT INTO `priest` (`id`, `pfname`, `plname`, `pmname`, `dateOfBirth`, `placeOfBirth`, `crasm_no`, `exp_date`, `pr_father`, `pr_mother`, `ordainedAsPriest`, `placeOfOrdination`, `ordainingBishop`, `church_id`) VALUES
(1, 'Harley', 'Flores', 'Fernando', '1994-01-01', '', '2014-asfgbfvNYVBNIIdfdf-2016', '2016-09-01', '', '', '0000-00-00', '', '', 1),
(2, 'Jose', 'Rizal', 'Protacio', '1994-01-01', 'Laguna City', '2014-asfgbfvNYVBNIIdfdf-2016', '2016-11-09', '', '', '1998-11-20', '', 'Bishop Leopordo Tumulak', 3);

--
-- Constraints for dumped tables
--

--
-- Constraints for table `baptismal`
--
ALTER TABLE `baptismal`
  ADD CONSTRAINT `fk_baptismal_client1` FOREIGN KEY (`person_id`) REFERENCES `person` (`id`) ON DELETE NO ACTION ON UPDATE NO ACTION,
  ADD CONSTRAINT `fk_baptismal_Employee1` FOREIGN KEY (`Employee_id`) REFERENCES `employee` (`id`) ON DELETE NO ACTION ON UPDATE NO ACTION;

--
-- Constraints for table `bap_godparent`
--
ALTER TABLE `bap_godparent`
  ADD CONSTRAINT `fk_bapGodParent_baptismal1` FOREIGN KEY (`baptismal_id`) REFERENCES `baptismal` (`id`) ON DELETE NO ACTION ON UPDATE NO ACTION,
  ADD CONSTRAINT `fk_bapGodParent_person1` FOREIGN KEY (`person_id`) REFERENCES `person` (`id`) ON DELETE NO ACTION ON UPDATE NO ACTION;

--
-- Constraints for table `confirmation`
--
ALTER TABLE `confirmation`
  ADD CONSTRAINT `fk_confirmation_Employee1` FOREIGN KEY (`Employee_id`) REFERENCES `employee` (`id`) ON DELETE NO ACTION ON UPDATE NO ACTION,
  ADD CONSTRAINT `fk_confirmation_person1` FOREIGN KEY (`person_id`) REFERENCES `person` (`id`) ON DELETE NO ACTION ON UPDATE NO ACTION;

--
-- Constraints for table `conf_godparent`
--
ALTER TABLE `conf_godparent`
  ADD CONSTRAINT `fk_confGodParent_confirmation1` FOREIGN KEY (`confirmation_id`) REFERENCES `confirmation` (`id`) ON DELETE NO ACTION ON UPDATE NO ACTION,
  ADD CONSTRAINT `fk_confGodParent_person1` FOREIGN KEY (`person_id`) REFERENCES `person` (`id`) ON DELETE NO ACTION ON UPDATE NO ACTION;

--
-- Constraints for table `employee`
--
ALTER TABLE `employee`
  ADD CONSTRAINT `fk_Employee_church1` FOREIGN KEY (`church_id`) REFERENCES `church` (`id`) ON DELETE NO ACTION ON UPDATE NO ACTION;

--
-- Constraints for table `logs`
--
ALTER TABLE `logs`
  ADD CONSTRAINT `fk_logs_employee1` FOREIGN KEY (`employee_id`) REFERENCES `employee` (`id`) ON DELETE NO ACTION ON UPDATE NO ACTION;

--
-- Constraints for table `marriage`
--
ALTER TABLE `marriage`
  ADD CONSTRAINT `fk_marriage_Employee1` FOREIGN KEY (`Employee_id`) REFERENCES `employee` (`id`) ON DELETE NO ACTION ON UPDATE NO ACTION,
  ADD CONSTRAINT `fk_marriage_person1` FOREIGN KEY (`bride_id`) REFERENCES `person` (`id`) ON DELETE NO ACTION ON UPDATE NO ACTION,
  ADD CONSTRAINT `fk_marriage_person2` FOREIGN KEY (`groom_id`) REFERENCES `person` (`id`) ON DELETE NO ACTION ON UPDATE NO ACTION;

--
-- Constraints for table `mar_godparent`
--
ALTER TABLE `mar_godparent`
  ADD CONSTRAINT `fk_marGodParent_marriage1` FOREIGN KEY (`marriage_id`) REFERENCES `marriage` (`id`) ON DELETE NO ACTION ON UPDATE NO ACTION,
  ADD CONSTRAINT `fk_marGodParent_person1` FOREIGN KEY (`person_id`) REFERENCES `person` (`id`) ON DELETE NO ACTION ON UPDATE NO ACTION;

--
-- Constraints for table `position`
--
ALTER TABLE `position`
  ADD CONSTRAINT `fk_position_client` FOREIGN KEY (`client_id`) REFERENCES `person` (`id`) ON DELETE NO ACTION ON UPDATE NO ACTION;

--
-- Constraints for table `priest`
--
ALTER TABLE `priest`
  ADD CONSTRAINT `fk_priest_church1` FOREIGN KEY (`church_id`) REFERENCES `church` (`id`) ON DELETE NO ACTION ON UPDATE NO ACTION;

/*!40101 SET CHARACTER_SET_CLIENT=@OLD_CHARACTER_SET_CLIENT */;
/*!40101 SET CHARACTER_SET_RESULTS=@OLD_CHARACTER_SET_RESULTS */;
/*!40101 SET COLLATION_CONNECTION=@OLD_COLLATION_CONNECTION */;
